"Wteam","Lteam","Wscore","Lscore"
1104,1244,77,64
1105,1408,68,67
1112,1334,79,61
1115,1370,58,56
1116,1380,86,68
1120,1412,75,74
1124,1372,97,55
1125,1266,83,80
1133,1123,54,53
1140,1430,85,54
1141,1240,89,83
1143,1349,97,65
1151,1208,92,90
1153,1441,97,72
1155,1300,74,40
1158,1354,74,54
1159,1206,66,53
1163,1263,100,56
1170,1113,66,63
1173,1369,84,53
1174,1175,62,56
1181,1373,92,74
1184,1164,107,80
1185,1436,70,50
1187,1212,61,53
1188,1117,79,70
1189,1150,85,74
1196,1298,59,41
1201,1337,69,66
1202,1342,63,53
1203,1248,85,76
1210,1165,116,81
1213,1340,82,72
1216,1148,92,83
1218,1286,87,76
1220,1145,96,85
1221,1265,67,64
1231,1183,88,49
1234,1205,76,59
1235,1160,68,62
1237,1232,72,70
1241,1350,87,75
1242,1294,109,72
1243,1271,80,53
1246,1107,78,65
1252,1365,65,63
1257,1359,86,45
1258,1168,79,74
1260,1427,76,64
1261,1270,81,70
1268,1291,80,56
1274,1410,86,59
1277,1194,82,55
1278,1282,76,58
1279,1322,90,76
1280,1186,106,88
1281,1459,83,74
1284,1417,84,81
1285,1129,74,72
1295,1413,79,71
1296,1169,83,71
1305,1157,73,56
1307,1411,86,57
1308,1223,91,69
1314,1396,91,67
1316,1228,93,81
1318,1131,87,84
1321,1262,79,57
1323,1384,87,56
1329,1404,91,57
1330,1310,67,50
1331,1283,80,65
1332,1238,80,52
1335,1352,76,75
1343,1351,64,56
1345,1299,81,40
1348,1110,65,42
1356,1102,77,75
1357,1346,76,64
1361,1229,71,60
1362,1227,78,75
1364,1303,60,59
1371,1171,84,67
1382,1127,63,53
1385,1447,66,57
1386,1180,82,81
1389,1135,77,65
1390,1453,93,89
1393,1250,57,47
1395,1368,90,77
1397,1421,82,78
1398,1259,86,71
1401,1367,104,64
1403,1219,77,73
1407,1378,82,77
1424,1142,74,72
1425,1360,83,45
1428,1381,82,71
1429,1451,73,70
1433,1341,75,50
1434,1236,78,64
1435,1122,80,41
1437,1192,91,54
1438,1288,86,48
1442,1458,69,67
1448,1420,78,73
1449,1400,77,71
1450,1319,82,70
1452,1297,107,61
1454,1176,71,58
1455,1149,88,63
1456,1301,85,68
1460,1377,77,69
1462,1275,81,72
1463,1193,70,57
1103,1156,65,53
1106,1439,85,82
1111,1239,76,68
1130,1383,75,49
1132,1309,79,61
1139,1154,144,71
1161,1320,84,78
1166,1411,93,70
1169,1460,72,67
1172,1416,90,85
1176,1365,55,33
1177,1444,69,63
1181,1136,113,75
1225,1363,74,54
1245,1464,79,70
1246,1312,87,57
1247,1406,78,76
1269,1224,85,79
1272,1379,67,49
1296,1377,72,65
1304,1290,97,51
1325,1195,85,75
1336,1440,62,50
1344,1217,76,64
1347,1207,82,80
1374,1358,85,50
1376,1313,84,69
1409,1146,98,81
1426,1200,77,72
1454,1252,71,65
1457,1214,102,95
1119,1127,75,60
1153,1352,106,44
1155,1427,78,45
1170,1370,77,65
1176,1252,82,69
1191,1369,80,65
1199,1311,109,62
1218,1157,74,63
1228,1295,80,74
1234,1164,103,68
1248,1389,87,86
1278,1419,67,56
1281,1271,73,55
1296,1460,65,59
1301,1375,88,70
1305,1286,83,62
1307,1308,83,74
1314,1193,92,65
1326,1291,76,54
1335,1148,77,61
1345,1436,107,79
1350,1391,108,85
1353,1224,82,70
1356,1197,81,51
1371,1447,69,59
1377,1169,76,72
1386,1310,73,62
1387,1216,85,68
1390,1149,93,59
1413,1339,79,66
1414,1258,77,53
1417,1142,88,83
1434,1233,83,58
1441,1421,90,81
1448,1137,90,82
1454,1365,71,65
1458,1373,92,65
1102,1399,80,70
1112,1133,90,60
1113,1125,83,74
1123,1183,73,56
1126,1404,86,79
1129,1319,101,81
1131,1107,69,64
1135,1221,71,55
1143,1364,85,67
1145,1250,98,89
1158,1298,72,58
1165,1159,101,98
1182,1309,95,75
1187,1150,88,74
1196,1299,104,54
1201,1249,80,72
1203,1438,73,68
1210,1397,69,67
1218,1305,76,75
1229,1287,67,66
1231,1122,102,76
1232,1461,70,55
1235,1152,106,64
1243,1162,81,71
1253,1140,66,65
1254,1259,71,68
1261,1244,91,69
1266,1237,75,71
1273,1206,69,60
1274,1418,93,77
1276,1189,88,68
1279,1204,82,72
1312,1378,60,57
1316,1410,106,84
1325,1398,75,67
1329,1115,86,72
1330,1138,77,58
1332,1124,74,67
1342,1367,74,73
1355,1451,85,68
1362,1349,80,54
1363,1285,64,61
1366,1144,59,57
1376,1331,84,66
1380,1280,76,72
1385,1420,75,53
1388,1264,89,63
1401,1368,100,58
1406,1288,69,61
1408,1179,79,74
1412,1106,72,70
1423,1184,78,59
1425,1284,101,90
1428,1361,81,76
1433,1347,92,74
1435,1205,98,62
1452,1241,86,73
1463,1357,99,77
1154,1391,94,93
1160,1120,91,84
1163,1306,85,66
1166,1427,103,78
1167,1225,68,45
1168,1334,77,76
1173,1104,80,48
1186,1370,76,70
1190,1453,103,90
1199,1239,98,79
1202,1111,79,70
1214,1110,61,48
1238,1379,78,60
1246,1181,74,63
1247,1351,73,60
1256,1426,80,68
1257,1216,87,52
1265,1171,73,63
1268,1207,75,71
1269,1217,69,63
1277,1242,79,73
1293,1292,76,65
1303,1282,95,89
1320,1372,70,60
1323,1454,86,78
1326,1212,82,55
1328,1272,84,78
1333,1233,93,73
1335,1175,60,54
1336,1177,68,62
1393,1382,79,66
1409,1455,77,67
1434,1348,58,55
1437,1304,87,63
1442,1227,84,57
1444,1360,74,62
1456,1251,70,59
1458,1315,78,64
1462,1281,78,66
1103,1116,88,80
1113,1244,91,53
1119,1192,96,85
1125,1443,90,85
1137,1352,81,76
1153,1132,83,50
1165,1127,76,59
1176,1430,75,62
1211,1319,91,52
1219,1180,75,66
1222,1341,110,69
1236,1122,80,77
1262,1357,87,84
1301,1237,79,56
1307,1260,75,51
1308,1399,76,63
1310,1135,75,66
1314,1459,78,58
1321,1193,79,72
1324,1185,91,81
1330,1288,79,48
1344,1228,60,59
1345,1230,96,61
1350,1448,91,82
1356,1245,72,69
1366,1117,76,75
1386,1138,89,67
1387,1188,70,60
1405,1464,100,78
1414,1416,61,60
1424,1381,84,64
1436,1346,83,70
1439,1240,71,62
1102,1290,65,64
1105,1369,74,56
1107,1159,88,67
1112,1129,88,76
1130,1148,82,57
1139,1283,93,59
1150,1202,77,68
1155,1411,76,56
1161,1258,83,75
1201,1362,78,71
1203,1378,73,67
1206,1279,68,62
1210,1453,107,77
1213,1108,79,46
1216,1389,67,66
1231,1166,86,65
1234,1266,89,61
1253,1371,80,77
1254,1263,84,79
1259,1420,76,57
1261,1375,78,66
1269,1146,89,62
1272,1212,83,65
1273,1106,70,49
1274,1280,105,79
1298,1367,67,55
1304,1175,75,60
1306,1221,73,69
1312,1131,90,76
1329,1406,69,52
1333,1349,77,69
1355,1229,83,67
1374,1390,85,70
1380,1408,90,82
1385,1353,61,59
1395,1223,90,63
1396,1278,75,70
1397,1267,84,74
1401,1394,95,70
1412,1407,79,63
1415,1365,77,63
1417,1337,81,67
1419,1322,80,64
1428,1403,73,63
1435,1392,79,72
1438,1133,82,57
1449,1291,100,67
1463,1250,79,67
1104,1418,105,93
1116,1149,93,75
1120,1204,92,62
1124,1238,77,60
1136,1341,71,58
1139,1396,74,69
1143,1187,70,62
1160,1339,85,63
1181,1433,79,71
1182,1336,78,52
1184,1123,89,81
1206,1329,71,68
1207,1458,71,61
1208,1293,63,52
1214,1111,82,61
1220,1199,82,77
1232,1313,70,61
1233,1174,92,77
1241,1198,64,61
1243,1377,93,72
1246,1460,78,63
1268,1351,65,58
1274,1428,90,66
1275,1252,70,68
1277,1115,92,46
1278,1283,74,69
1279,1406,76,60
1286,1363,81,69
1318,1194,60,58
1321,1162,83,80
1328,1270,85,56
1331,1404,70,66
1332,1366,77,59
1338,1178,95,79
1354,1255,83,77
1371,1133,67,59
1373,1347,76,62
1376,1177,76,61
1403,1280,74,72
1409,1325,90,88
1426,1326,73,68
1437,1190,86,51
1438,1253,87,52
1450,1226,85,67
1452,1391,103,62
1457,1240,80,69
1462,1276,86,70
1114,1361,49,43
1123,1255,78,67
1131,1378,78,66
1137,1264,80,67
1138,1299,86,68
1142,1122,73,64
1145,1165,87,62
1151,1228,81,77
1163,1202,83,58
1168,1360,67,55
1172,1158,82,81
1173,1456,69,66
1184,1354,92,82
1191,1125,93,88
1193,1357,83,79
1194,1275,75,69
1195,1464,104,101
1196,1386,74,63
1198,1404,69,62
1199,1177,83,67
1200,1192,85,62
1211,1291,101,56
1219,1441,75,69
1222,1197,97,52
1229,1223,72,56
1236,1188,87,67
1245,1265,79,72
1249,1175,77,66
1256,1212,86,67
1257,1316,89,61
1260,1405,69,62
1282,1179,79,73
1284,1180,82,74
1287,1297,64,56
1288,1144,59,54
1292,1398,69,66
1305,1334,85,82
1308,1290,85,46
1312,1248,80,66
1315,1132,77,59
1318,1252,79,67
1320,1314,71,67
1323,1262,83,57
1325,1313,93,71
1331,1241,74,64
1333,1364,71,59
1342,1154,95,79
1343,1389,75,72
1344,1135,94,73
1345,1330,61,39
1347,1341,64,56
1348,1156,73,45
1350,1126,89,64
1353,1146,87,84
1355,1395,76,67
1356,1358,86,81
1359,1244,77,65
1362,1415,58,57
1373,1136,78,59
1382,1259,94,82
1384,1110,68,48
1387,1383,76,60
1393,1189,66,55
1400,1394,67,56
1401,1421,75,47
1416,1422,65,54
1420,1294,81,72
1423,1444,80,76
1425,1307,90,82
1427,1381,82,79
1431,1402,77,62
1436,1310,85,67
1439,1440,76,52
1442,1183,83,63
1443,1392,67,66
1447,1263,87,73
1449,1335,104,67
1459,1271,73,63
1102,1352,64,52
1112,1322,61,42
1117,1238,78,69
1122,1294,91,76
1123,1354,72,60
1130,1217,69,56
1132,1464,79,72
1138,1436,77,71
1142,1420,78,65
1153,1115,99,50
1160,1303,87,82
1161,1324,95,89
1162,1250,88,61
1166,1353,85,75
1181,1207,86,84
1184,1255,110,97
1190,1210,69,68
1195,1315,73,60
1201,1349,82,65
1203,1119,92,81
1218,1311,99,74
1252,1194,79,65
1254,1300,78,77
1274,1139,85,75
1275,1318,67,61
1280,1283,84,70
1286,1461,83,82
1304,1368,92,65
1310,1299,73,72
1329,1253,82,77
1331,1198,76,70
1332,1434,73,67
1339,1101,87,57
1340,1410,79,61
1345,1196,85,70
1346,1221,62,56
1371,1279,75,63
1374,1463,71,69
1376,1220,94,84
1386,1330,66,64
1388,1390,78,61
1397,1205,89,64
1403,1278,81,68
1404,1241,78,75
1406,1133,62,60
1408,1111,76,48
1409,1232,67,59
1412,1240,61,55
1428,1396,74,68
1431,1108,88,66
1437,1103,75,56
1438,1206,83,66
1458,1433,74,73
1113,1301,79,76
1124,1366,100,61
1125,1375,98,85
1132,1195,82,77
1143,1358,89,63
1146,1427,98,84
1172,1273,77,71
1177,1313,82,78
1179,1443,81,79
1199,1325,90,81
1213,1290,94,60
1224,1411,87,81
1225,1317,65,63
1228,1152,82,79
1232,1220,67,66
1235,1151,83,63
1243,1281,66,42
1244,1237,71,63
1247,1248,83,75
1266,1261,81,80
1269,1155,82,65
1277,1185,89,65
1293,1454,66,63
1314,1321,80,69
1337,1182,84,70
1344,1312,83,76
1359,1407,83,79
1361,1187,79,54
1370,1186,58,52
1376,1409,83,75
1414,1365,79,61
1417,1424,77,75
1425,1169,96,61
1426,1272,68,64
1435,1385,92,55
1448,1231,82,78
1451,1141,63,60
1452,1126,97,44
1462,1297,78,66
1464,1315,79,69
1105,1240,73,69
1125,1244,80,55
1127,1148,81,75
1144,1188,77,74
1149,1190,77,76
1153,1368,64,49
1156,1351,57,52
1157,1158,67,61
1161,1101,108,100
1162,1459,70,59
1168,1381,80,66
1170,1413,84,79
1174,1192,73,72
1182,1454,96,92
1193,1271,113,74
1200,1159,84,58
1203,1205,94,65
1216,1310,77,73
1225,1407,69,63
1231,1385,83,73
1236,1275,57,53
1242,1417,92,73
1245,1384,79,60
1246,1131,82,62
1256,1326,82,74
1257,1383,85,41
1266,1113,78,73
1268,1229,77,66
1287,1267,85,61
1293,1337,59,55
1301,1261,83,72
1304,1115,67,44
1306,1135,88,77
1308,1352,81,71
1314,1243,80,70
1321,1281,67,62
1328,1230,96,63
1339,1108,97,65
1346,1300,69,59
1347,1336,86,74
1348,1395,66,60
1355,1223,92,68
1356,1324,97,88
1359,1317,74,72
1373,1137,83,81
1375,1237,78,68
1378,1107,63,61
1382,1145,77,73
1387,1316,70,57
1392,1259,76,63
1397,1119,95,80
1399,1238,86,82
1410,1369,83,74
1415,1175,81,55
1429,1430,81,55
1431,1197,72,54
1434,1333,63,57
1435,1448,86,64
1439,1299,90,60
1440,1342,76,61
1443,1141,88,60
1451,1179,74,58
1453,1103,66,63
1457,1367,79,78
1140,1290,75,68
1154,1204,95,90
1155,1353,76,58
1160,1102,81,70
1163,1276,74,60
1166,1269,97,76
1176,1226,79,69
1179,1337,69,53
1181,1463,80,61
1182,1443,81,73
1196,1436,86,62
1198,1254,80,72
1208,1219,49,46
1211,1449,80,64
1217,1136,80,45
1221,1357,69,60
1224,1146,73,54
1242,1435,70,63
1258,1169,82,80
1263,1255,92,82
1264,1206,69,67
1268,1348,86,63
1279,1209,68,59
1295,1285,73,53
1298,1420,75,54
1303,1294,105,85
1305,1340,76,73
1307,1311,75,63
1309,1133,64,51
1332,1117,91,68
1335,1247,80,64
1338,1165,93,49
1343,1248,104,52
1349,1249,92,84
1351,1223,67,56
1355,1156,77,66
1359,1225,75,58
1364,1362,68,61
1393,1150,83,70
1395,1229,71,60
1401,1400,84,73
1405,1363,89,74
1407,1317,86,74
1411,1427,91,80
1424,1231,72,69
1426,1212,73,40
1433,1110,72,44
1438,1250,80,54
1448,1417,80,77
1451,1293,75,59
1454,1141,84,78
1456,1214,86,67
1458,1341,85,67
1461,1167,68,64
1111,1251,73,62
1112,1365,75,73
1114,1187,54,46
1129,1414,71,64
1173,1234,82,77
1189,1291,79,74
1210,1116,83,73
1260,1360,67,57
1273,1408,71,61
1276,1150,102,47
1277,1130,99,68
1284,1323,70,68
1344,1191,74,64
1361,1143,72,58
1372,1444,79,71
1391,1126,83,70
1393,1163,79,76
1394,1202,73,69
1400,1449,82,70
1401,1211,62,61
1421,1180,85,66
1425,1455,72,69
1437,1390,59,45
1452,1350,67,59
1462,1104,64,45
1101,1197,72,62
1103,1149,82,58
1104,1455,64,60
1107,1312,74,73
1119,1115,81,60
1120,1322,119,81
1124,1117,94,72
1151,1106,95,58
1153,1304,65,61
1158,1441,57,56
1161,1339,90,74
1173,1284,73,70
1187,1391,93,73
1191,1365,69,57
1193,1162,82,81
1196,1195,70,50
1201,1175,80,59
1202,1291,69,60
1203,1397,73,70
1204,1367,84,80
1205,1368,77,68
1209,1237,78,72
1211,1163,73,70
1228,1412,72,58
1235,1439,99,77
1236,1239,71,63
1238,1366,69,42
1240,1152,68,65
1241,1267,89,75
1246,1378,84,63
1256,1300,71,50
1271,1384,70,57
1272,1326,81,76
1273,1111,71,70
1276,1400,78,72
1277,1129,77,67
1278,1303,93,90
1292,1421,63,61
1298,1422,70,66
1301,1457,87,79
1316,1216,81,60
1318,1274,78,77
1323,1234,68,62
1324,1108,84,51
1329,1253,79,73
1344,1112,69,65
1349,1415,87,81
1350,1143,94,90
1358,1126,71,46
1363,1360,76,67
1376,1252,92,76
1390,1116,69,66
1393,1401,74,67
1394,1189,85,81
1399,1352,85,72
1405,1260,82,74
1408,1372,60,59
1414,1130,80,67
1428,1226,102,72
1431,1356,71,66
1437,1210,69,52
1444,1251,68,58
1449,1150,71,66
1452,1361,72,50
1462,1425,87,77
1102,1308,66,64
1106,1152,66,64
1110,1306,68,50
1114,1409,64,60
1115,1368,62,60
1119,1205,103,98
1122,1359,74,73
1123,1434,69,66
1131,1127,75,65
1138,1145,98,96
1139,1188,89,73
1140,1125,95,81
1144,1157,79,73
1151,1240,62,52
1153,1203,61,56
1154,1367,88,81
1159,1420,71,63
1166,1442,97,67
1168,1305,75,66
1176,1375,69,56
1179,1227,83,62
1184,1381,98,85
1186,1334,70,63
1192,1389,77,62
1197,1108,73,71
1200,1264,87,64
1206,1460,66,39
1207,1136,77,47
1219,1288,82,72
1220,1382,89,83
1222,1419,76,64
1224,1456,79,77
1235,1228,84,73
1236,1422,64,58
1255,1162,70,69
1257,1387,77,57
1258,1369,73,60
1268,1156,80,63
1275,1416,64,63
1279,1133,67,54
1280,1404,76,51
1282,1355,64,57
1287,1379,61,46
1292,1405,78,70
1293,1105,63,61
1295,1299,77,56
1296,1225,66,59
1298,1239,71,65
1304,1397,82,71
1316,1383,78,65
1320,1315,97,51
1321,1309,90,63
1324,1101,85,57
1331,1178,100,95
1336,1137,62,58
1338,1245,85,76
1345,1250,77,55
1352,1290,67,64
1356,1339,80,79
1360,1180,62,59
1371,1208,69,62
1373,1259,90,82
1377,1170,96,90
1398,1244,56,49
1402,1270,70,67
1403,1218,82,74
1406,1164,81,77
1413,1430,82,70
1421,1260,59,48
1423,1190,94,73
1424,1341,80,62
1431,1161,99,90
1433,1330,76,67
1439,1412,82,77
1450,1411,77,65
1453,1183,81,72
1459,1342,68,58
1461,1286,82,68
1464,1310,88,70
1104,1323,74,73
1107,1463,88,54
1112,1129,68,59
1113,1364,70,68
1160,1294,82,52
1170,1334,79,71
1171,1254,79,56
1181,1429,85,52
1191,1414,75,56
1221,1217,50,49
1234,1455,84,61
1243,1354,68,66
1248,1335,92,86
1262,1165,80,77
1263,1148,81,74
1266,1238,80,61
1273,1444,68,65
1277,1344,77,64
1284,1425,83,73
1298,1236,75,53
1328,1458,65,48
1337,1285,69,63
1348,1351,82,57
1362,1175,67,47
1365,1130,62,45
1372,1111,94,84
1374,1135,77,69
1377,1186,77,71
1378,1366,67,57
1383,1216,74,67
1388,1167,94,59
1396,1174,69,50
1399,1290,101,64
1408,1251,72,51
1415,1249,74,69
1417,1169,77,45
1422,1239,71,69
1426,1349,92,74
1436,1265,86,60
1462,1173,90,61
1141,1270,74,73
1144,1440,66,65
1158,1261,70,58
1189,1244,103,93
1213,1214,63,51
1222,1410,78,65
1231,1108,112,70
1241,1347,70,68
1246,1229,75,63
1278,1155,89,83
1299,1297,74,63
1306,1136,75,67
1313,1319,70,66
1320,1317,93,70
1332,1201,78,73
1343,1192,91,61
1376,1441,76,53
1391,1198,81,75
1419,1151,64,54
1448,1353,69,68
1453,1188,87,69
1107,1346,58,54
1114,1146,79,73
1116,1322,117,78
1123,1237,61,58
1125,1252,105,89
1127,1159,69,50
1143,1370,66,52
1165,1373,81,80
1172,1150,109,74
1174,1133,70,47
1182,1290,91,77
1183,1232,68,62
1185,1303,80,73
1186,1362,81,77
1187,1194,74,48
1191,1106,88,56
1196,1350,76,56
1207,1271,68,49
1208,1324,86,82
1210,1459,77,61
1233,1193,101,77
1235,1295,84,64
1242,1259,94,61
1272,1256,94,68
1274,1304,77,72
1276,1301,66,59
1280,1411,86,73
1281,1117,88,78
1282,1404,74,70
1286,1430,76,72
1291,1110,81,56
1307,1331,91,75
1314,1268,89,81
1321,1439,81,79
1325,1267,85,70
1345,1338,72,59
1359,1240,77,71
1361,1253,76,72
1400,1426,80,73
1407,1379,69,59
1412,1209,64,57
1429,1283,69,68
1437,1386,86,72
1438,1326,64,58
1443,1184,86,84
1456,1330,55,48
1102,1154,97,93
1103,1164,77,71
1113,1166,79,77
1119,1263,84,71
1120,1157,81,78
1124,1341,80,41
1132,1420,72,64
1135,1148,82,64
1139,1153,78,76
1155,1367,76,56
1162,1137,72,61
1163,1357,82,49
1177,1227,82,55
1181,1231,94,74
1200,1385,73,57
1203,1371,72,64
1205,1342,87,76
1211,1450,69,60
1214,1319,98,94
1218,1115,75,47
1219,1255,90,66
1220,1247,84,80
1222,1293,93,78
1223,1349,77,73
1225,1167,67,63
1234,1199,78,75
1244,1197,61,41
1249,1410,83,60
1261,1316,119,108
1266,1212,95,49
1269,1131,99,69
1277,1257,71,67
1287,1387,60,46
1296,1152,80,58
1298,1335,65,59
1299,1422,77,68
1308,1431,73,59
1318,1217,80,71
1323,1228,84,79
1333,1258,79,70
1336,1130,67,58
1339,1340,78,72
1344,1216,89,66
1348,1221,74,56
1356,1369,74,50
1366,1204,76,67
1374,1395,75,70
1382,1138,60,58
1383,1248,69,62
1384,1250,84,73
1389,1351,73,61
1394,1122,61,48
1396,1192,79,70
1399,1190,63,61
1401,1195,75,65
1402,1427,76,53
1403,1358,71,56
1405,1156,76,65
1406,1206,75,54
1408,1309,64,62
1409,1329,66,56
1413,1170,66,61
1416,1391,94,85
1428,1140,83,75
1433,1292,62,56
1435,1178,102,52
1436,1171,68,63
1447,1288,62,61
1457,1149,83,82
1458,1393,66,58
1461,1176,68,52
1463,1136,79,40
1464,1352,65,58
1174,1378,67,58
1213,1141,75,72
1236,1142,75,73
1241,1444,63,57
1253,1161,83,77
1254,1262,84,72
1300,1290,86,79
1306,1101,86,75
1328,1146,111,68
1347,1251,56,52
1415,1294,77,66
1417,1246,87,77
1419,1418,81,70
1425,1364,75,63
1426,1317,90,67
1434,1125,61,57
1454,1188,64,51
1103,1267,75,65
1104,1379,58,55
1110,1464,60,56
1145,1284,96,86
1168,1370,70,61
1187,1367,82,71
1189,1198,77,71
1193,1351,74,70
1209,1460,59,46
1233,1265,101,66
1243,1208,68,66
1256,1238,95,88
1268,1384,96,55
1281,1296,78,71
1285,1362,82,50
1295,1117,74,73
1310,1346,76,72
1330,1175,82,38
1338,1182,96,75
1373,1264,89,54
1380,1368,73,69
1386,1162,80,78
1388,1413,81,67
1400,1359,59,49
1414,1334,70,67
1424,1332,80,69
1448,1116,88,85
1102,1176,61,59
1107,1221,88,84
1112,1211,68,63
1113,1401,67,54
1114,1225,64,54
1122,1407,80,71
1123,1309,66,52
1129,1339,81,71
1132,1179,75,63
1135,1136,76,68
1139,1232,85,71
1140,1451,73,68
1142,1201,77,65
1143,1461,78,72
1149,1251,68,61
1158,1154,82,74
1165,1248,85,67
1167,1319,72,55
1171,1216,74,65
1173,1316,86,71
1177,1152,96,72
1178,1318,76,73
1180,1247,66,53
1181,1138,82,59
1183,1297,79,73
1184,1366,74,71
1191,1293,85,81
1200,1148,86,54
1206,1335,63,44
1207,1393,79,72
1210,1408,76,68
1214,1164,74,71
1219,1205,66,64
1228,1441,80,68
1231,1287,92,59
1234,1282,95,75
1237,1275,78,64
1239,1240,86,82
1242,1217,75,69
1245,1156,66,62
1249,1226,82,70
1253,1308,67,53
1257,1213,111,63
1260,1166,68,65
1266,1263,104,67
1272,1369,80,65
1273,1108,68,43
1274,1150,88,60
1276,1223,82,57
1277,1127,76,33
1279,1269,74,64
1283,1329,64,63
1291,1259,85,68
1292,1375,68,55
1299,1224,66,63
1300,1271,70,59
1301,1137,99,86
1304,1101,73,63
1312,1262,90,77
1315,1133,65,59
1321,1188,81,56
1324,1352,92,74
1326,1440,89,62
1331,1409,70,68
1333,1305,66,62
1336,1185,81,70
1337,1169,70,55
1344,1348,74,72
1345,1307,70,58
1350,1320,82,67
1354,1197,79,67
1356,1317,95,63
1360,1361,53,48
1365,1363,78,75
1371,1353,84,55
1372,1411,66,62
1374,1306,98,44
1376,1378,81,63
1377,1278,85,81
1381,1430,68,54
1382,1325,81,68
1392,1343,91,77
1394,1402,47,39
1395,1159,76,49
1398,1391,74,54
1399,1252,81,78
1406,1357,83,61
1412,1229,74,61
1416,1227,88,58
1420,1255,70,59
1426,1431,76,62
1428,1236,96,79
1438,1456,67,52
1439,1115,80,45
1452,1244,87,54
1455,1387,68,53
1457,1342,74,70
1458,1396,76,60
1462,1443,95,64
1463,1436,72,54
1124,1435,69,67
1153,1288,87,66
1155,1459,66,51
1157,1347,63,58
1160,1161,88,77
1162,1174,82,69
1195,1198,84,76
1199,1433,76,71
1220,1111,86,80
1241,1267,107,84
1258,1415,77,76
1262,1130,68,66
1265,1264,75,70
1284,1310,56,42
1303,1286,100,97
1314,1172,98,65
1338,1146,100,47
1346,1145,78,76
1370,1290,84,72
1379,1295,74,62
1385,1383,63,56
1388,1414,70,60
1389,1373,72,68
1405,1453,71,69
1417,1253,83,76
1447,1110,55,48
1449,1168,87,69
1450,1340,91,67
1125,1252,93,84
1126,1354,69,54
1139,1440,93,66
1158,1187,77,73
1170,1230,73,70
1207,1135,74,57
1224,1300,71,69
1234,1442,90,56
1235,1138,84,63
1245,1312,80,75
1299,1271,80,74
1313,1164,88,56
1324,1127,83,72
1328,1437,78,55
1332,1298,67,47
1345,1237,80,53
1362,1169,65,61
1425,1225,74,55
1444,1318,87,86
1116,1191,89,76
1119,1136,77,55
1124,1322,75,62
1132,1369,79,52
1182,1420,89,70
1200,1254,89,84
1202,1251,79,56
1203,1336,76,66
1208,1457,74,64
1211,1285,61,58
1213,1380,70,56
1217,1131,75,69
1226,1339,66,65
1266,1363,80,62
1268,1163,76,66
1274,1196,66,55
1291,1137,81,73
1320,1206,73,65
1323,1392,86,61
1326,1102,74,50
1348,1222,67,57
1353,1148,75,59
1355,1278,84,70
1374,1276,82,58
1377,1282,79,70
1382,1436,80,68
1386,1343,62,50
1393,1159,78,51
1400,1427,116,50
1406,1259,65,54
1409,1233,90,81
1416,1269,67,63
1426,1133,97,61
1438,1452,70,54
1447,1351,65,64
1449,1395,92,67
1462,1460,90,55
1107,1265,75,53
1112,1201,85,72
1129,1258,67,66
1140,1429,80,68
1143,1230,74,62
1144,1150,76,70
1162,1264,72,71
1166,1304,83,67
1171,1263,79,69
1172,1186,96,86
1173,1435,72,67
1176,1360,59,47
1177,1179,74,71
1178,1405,75,72
1188,1356,76,74
1192,1248,91,89
1219,1422,90,72
1228,1463,69,65
1231,1236,90,65
1242,1221,92,59
1243,1164,83,58
1246,1184,88,67
1267,1183,82,76
1277,1271,78,35
1281,1303,85,78
1337,1253,77,75
1344,1130,66,51
1345,1224,93,55
1346,1216,68,66
1373,1220,81,68
1385,1310,48,44
1396,1335,77,73
1403,1404,68,49
1418,1270,97,64
1430,1451,84,81
1434,1232,69,63
1439,1347,74,65
1454,1458,68,67
1455,1424,56,50
1131,1262,80,60
1225,1450,78,74
1235,1234,83,82
1245,1419,73,62
1283,1237,88,74
1312,1383,92,86
1336,1145,81,67
1361,1311,84,47
1371,1407,78,69
1380,1461,68,58
1295,1315,69,67
1338,1186,84,51
1395,1341,73,55
1404,1410,72,64
1434,1152,71,53
1103,1126,81,60
1114,1177,66,44
1116,1399,83,57
1119,1102,90,80
1129,1332,74,72
1138,1127,80,64
1139,1397,94,86
1141,1411,79,71
1143,1388,63,59
1151,1173,61,59
1160,1140,92,83
1162,1312,65,56
1163,1326,75,55
1166,1237,90,65
1167,1377,77,67
1172,1441,87,54
1174,1265,70,69
1178,1132,95,80
1182,1384,67,65
1188,1340,74,64
1191,1290,95,60
1201,1334,71,52
1203,1353,83,49
1205,1202,73,53
1207,1423,87,82
1209,1330,68,64
1221,1216,90,68
1228,1227,83,79
1231,1270,105,60
1236,1122,85,68
1241,1206,69,46
1242,1333,82,67
1245,1145,84,77
1246,1113,72,58
1248,1357,90,86
1249,1251,73,58
1254,1310,80,79
1256,1418,91,79
1257,1185,86,53
1258,1168,82,70
1266,1458,57,55
1267,1184,96,72
1268,1271,77,56
1272,1264,89,57
1276,1175,80,33
1277,1196,58,52
1279,1369,75,64
1282,1280,72,67
1292,1120,88,81
1298,1440,68,62
1305,1179,79,71
1307,1320,76,57
1318,1392,75,62
1324,1405,76,64
1325,1156,76,67
1328,1331,96,73
1329,1278,62,60
1336,1419,54,50
1337,1123,72,63
1339,1170,81,73
1343,1252,78,64
1344,1136,74,67
1345,1464,95,64
1347,1224,92,91
1350,1255,77,59
1351,1149,82,72
1354,1239,81,74
1356,1317,74,66
1359,1197,86,67
1373,1107,78,70
1387,1105,75,58
1390,1171,64,50
1394,1427,85,79
1398,1212,64,52
1400,1314,84,82
1401,1243,78,68
1414,1429,73,63
1416,1194,75,61
1417,1211,71,66
1420,1291,75,63
1424,1415,73,62
1430,1226,100,76
1442,1183,64,57
1449,1285,92,62
1455,1428,67,50
1462,1153,65,55
1104,1155,51,50
1106,1240,63,60
1112,1281,88,52
1130,1263,91,60
1131,1346,64,57
1159,1306,75,59
1176,1451,69,68
1187,1299,71,60
1195,1269,77,76
1199,1368,75,58
1200,1164,92,55
1222,1261,105,98
1229,1293,63,61
1235,1115,78,64
1275,1460,72,67
1284,1447,73,54
1286,1363,91,83
1294,1161,73,64
1297,1313,81,60
1301,1378,65,46
1303,1213,108,104
1304,1348,70,67
1321,1152,77,35
1323,1260,81,61
1338,1287,72,62
1355,1364,86,68
1371,1389,72,46
1385,1393,84,72
1386,1396,66,65
1402,1410,68,59
1409,1283,70,61
1412,1370,79,73
1421,1144,80,60
1425,1463,68,56
1437,1247,76,47
1439,1249,88,53
1443,1232,75,62
1450,1431,84,68
1452,1419,100,58
1461,1308,62,59
1157,1459,71,63
1162,1352,78,71
1167,1171,69,62
1216,1357,80,71
1264,1383,71,60
1267,1300,92,73
1316,1198,94,72
1317,1311,78,60
1367,1298,66,57
1379,1375,57,54
1388,1142,93,63
1398,1391,93,90
1408,1341,63,49
1441,1186,97,80
1120,1273,78,71
1151,1399,80,69
1153,1313,75,59
1155,1342,69,41
1181,1204,99,65
1184,1194,80,73
1197,1368,67,64
1210,1433,77,64
1213,1175,88,59
1223,1415,72,59
1272,1380,72,67
1275,1238,64,53
1276,1297,77,62
1279,1256,99,80
1284,1207,83,68
1321,1290,78,48
1329,1255,73,55
1332,1414,78,63
1360,1413,61,55
1365,1115,69,57
1376,1180,79,54
1384,1127,67,61
1390,1177,79,60
1400,1111,67,55
1417,1418,89,80
1421,1190,84,64
1448,1422,81,71
1453,1334,93,88
1458,1394,64,49
1104,1457,72,60
1112,1319,92,37
1113,1424,66,56
1114,1146,77,54
1154,1126,99,87
1156,1260,60,54
1176,1294,81,77
1182,1354,83,68
1187,1423,78,73
1189,1106,91,74
1199,1280,90,66
1201,1167,76,68
1222,1300,73,65
1229,1227,72,60
1233,1411,83,73
1257,1244,94,57
1261,1205,78,57
1269,1309,103,95
1278,1152,70,52
1283,1331,85,66
1295,1286,73,64
1301,1219,76,73
1307,1308,79,61
1314,1408,96,72
1316,1122,80,70
1326,1296,67,54
1350,1330,77,61
1374,1311,86,42
1378,1239,88,75
1388,1381,92,36
1397,1194,81,62
1402,1341,62,44
1403,1355,79,67
1404,1387,82,76
1412,1367,96,54
1428,1366,99,53
1436,1364,75,68
1443,1105,79,70
1169,1340,77,71
1191,1313,84,70
1292,1125,83,62
1299,1212,61,47
1317,1290,87,74
1325,1238,72,67
1343,1251,77,72
1352,1250,69,67
1374,1214,105,72
1377,1454,92,91
1392,1110,86,68
1398,1252,89,86
1425,1142,101,82
1452,1267,86,68
1460,1149,71,65
1140,1141,98,85
1148,1262,83,79
1151,1244,78,66
1160,1311,85,68
1190,1184,87,81
1192,1406,69,68
1213,1361,52,45
1230,1385,73,51
1256,1380,83,76
1258,1240,77,60
1279,1272,85,79
1305,1365,72,69
1330,1271,77,47
1332,1253,94,73
1333,1168,82,69
1337,1418,79,59
1356,1293,88,73
1358,1254,75,69
1362,1164,96,93
1375,1359,72,70
1376,1155,65,59
1399,1275,77,64
1404,1117,74,70
1415,1101,60,56
1447,1193,76,64
1448,1157,83,77
1450,1402,78,73
1451,1339,92,82
1102,1413,67,60
1107,1384,65,58
1112,1424,82,70
1113,1223,98,79
1130,1174,69,61
1138,1286,80,73
1139,1345,74,68
1143,1164,84,51
1144,1154,101,82
1145,1131,84,68
1150,1111,82,66
1152,1442,77,70
1153,1433,69,63
1156,1125,67,65
1160,1214,95,53
1173,1202,70,50
1178,1416,95,89
1182,1352,72,65
1189,1422,79,69
1196,1329,72,70
1199,1194,64,59
1200,1263,70,53
1203,1389,87,74
1206,1255,75,70
1208,1210,75,61
1209,1379,66,46
1211,1397,86,79
1222,1183,81,65
1224,1420,103,93
1228,1377,91,79
1231,1323,80,73
1232,1387,76,68
1234,1179,70,64
1236,1391,95,89
1237,1381,82,68
1242,1285,88,46
1243,1161,61,56
1250,1291,76,73
1257,1443,78,56
1260,1227,64,47
1261,1331,100,77
1268,1343,82,61
1273,1116,69,66
1274,1158,85,63
1276,1464,105,46
1277,1318,78,58
1280,1408,69,59
1296,1198,78,75
1297,1369,79,69
1301,1281,73,59
1306,1171,76,56
1308,1431,73,53
1314,1417,89,76
1316,1197,87,70
1320,1235,81,79
1321,1177,78,70
1324,1449,97,83
1326,1246,74,67
1328,1166,87,74
1333,1409,76,71
1336,1180,63,57
1339,1168,65,60
1344,1351,73,65
1347,1423,69,67
1348,1233,79,74
1349,1307,90,89
1355,1195,56,52
1371,1455,80,76
1382,1354,64,45
1386,1229,79,65
1393,1165,67,46
1396,1175,78,63
1398,1108,81,76
1400,1390,75,73
1401,1124,80,61
1403,1115,94,54
1405,1126,102,68
1412,1378,79,68
1421,1207,79,73
1428,1181,77,75
1430,1427,83,78
1434,1283,74,45
1435,1459,80,56
1438,1437,86,75
1439,1212,87,52
1457,1204,88,81
1461,1303,76,75
1462,1120,85,61
1114,1319,84,57
1122,1252,92,84
1129,1133,90,70
1157,1106,68,65
1163,1262,88,79
1186,1176,74,58
1191,1201,85,77
1241,1187,67,61
1264,1288,78,66
1265,1119,89,83
1271,1110,79,64
1284,1353,73,67
1287,1441,60,52
1312,1385,83,74
1338,1172,94,69
1359,1304,69,58
1370,1363,67,64
1383,1251,64,55
1392,1220,71,68
1394,1142,80,74
1395,1101,80,69
1460,1132,83,47
1103,1364,84,70
1131,1306,78,74
1161,1367,89,61
1166,1317,105,82
1185,1164,73,62
1189,1421,86,81
1199,1149,75,64
1210,1368,75,62
1211,1337,99,73
1213,1222,78,69
1221,1263,76,75
1239,1197,68,66
1240,1294,79,76
1254,1230,66,59
1260,1442,72,67
1266,1152,91,74
1267,1461,90,82
1295,1226,67,62
1303,1183,80,68
1308,1331,76,61
1313,1431,85,76
1314,1111,94,70
1321,1357,103,67
1323,1464,87,78
1325,1115,65,58
1332,1104,72,68
1333,1346,82,61
1334,1365,73,72
1339,1258,87,60
1344,1269,90,66
1356,1387,65,52
1380,1300,68,63
1388,1362,74,52
1390,1170,70,60
1404,1108,70,47
1405,1299,95,62
1414,1358,63,53
1418,1309,79,69
1425,1188,70,51
1429,1410,94,69
1440,1205,76,75
1452,1184,84,59
1456,1219,78,75
1112,1253,85,70
1113,1372,80,73
1116,1316,97,72
1117,1146,77,67
1120,1307,83,78
1122,1459,84,77
1130,1200,64,55
1139,1381,88,52
1141,1224,72,52
1142,1427,88,73
1145,1419,108,96
1151,1347,77,75
1158,1144,86,68
1160,1336,71,70
1167,1340,78,66
1171,1255,78,54
1173,1275,64,63
1177,1203,82,61
1179,1101,87,70
1180,1335,53,52
1187,1354,98,71
1191,1105,91,70
1193,1259,94,88
1196,1239,89,65
1198,1127,66,49
1204,1391,78,58
1206,1447,71,60
1207,1150,62,59
1208,1155,71,48
1209,1292,64,62
1213,1267,85,81
1217,1140,85,82
1218,1320,68,52
1220,1194,68,54
1222,1461,94,89
1225,1413,68,51
1229,1398,66,55
1231,1244,99,72
1232,1123,73,61
1234,1399,85,63
1235,1153,81,79
1236,1444,89,86
1241,1291,73,53
1242,1361,70,57
1243,1315,63,49
1256,1195,66,63
1257,1282,75,47
1261,1110,79,51
1265,1135,84,83
1272,1237,84,48
1274,1247,95,49
1277,1324,99,93
1279,1407,83,80
1295,1410,68,50
1298,1202,62,49
1300,1183,57,52
1301,1422,58,52
1303,1380,74,53
1304,1341,81,50
1311,1214,84,81
1318,1436,77,65
1326,1273,64,44
1328,1450,88,60
1330,1348,71,65
1343,1137,89,77
1345,1435,68,55
1350,1342,74,44
1364,1233,80,76
1369,1283,78,74
1371,1378,66,49
1373,1382,73,70
1374,1245,90,74
1375,1349,74,67
1376,1385,75,61
1386,1439,79,62
1392,1250,75,62
1393,1286,82,60
1397,1190,76,67
1403,1114,65,53
1408,1379,59,40
1409,1319,90,55
1414,1313,80,62
1415,1176,63,54
1416,1126,101,96
1417,1270,67,53
1423,1430,102,77
1424,1377,103,68
1428,1175,105,58
1429,1226,69,58
1431,1358,87,68
1433,1138,90,69
1437,1174,78,48
1438,1143,63,62
1443,1178,79,74
1449,1370,79,68
1451,1355,99,95
1455,1305,98,69
1457,1106,92,84
1460,1293,65,49
1462,1448,78,70
1103,1233,78,64
1107,1310,65,56
1124,1308,85,70
1132,1156,62,47
1140,1307,96,66
1145,1311,83,74
1163,1148,99,52
1172,1287,81,77
1210,1159,76,60
1211,1258,85,62
1214,1419,75,64
1217,1120,69,51
1226,1410,76,64
1228,1281,68,63
1257,1430,98,68
1276,1136,96,60
1280,1294,93,69
1284,1165,78,69
1320,1450,63,59
1328,1218,84,81
1336,1245,75,69
1338,1441,79,73
1339,1337,87,79
1351,1288,71,49
1353,1192,72,64
1360,1169,81,63
1362,1334,89,76
1374,1160,70,66
1388,1365,81,59
1389,1383,56,45
1395,1133,53,49
1406,1420,91,65
1423,1282,76,56
1425,1248,100,64
1429,1295,76,62
1454,1278,74,65
1458,1453,84,79
1140,1320,84,76
1218,1120,79,67
1328,1217,83,71
1450,1307,82,59
1246,1257,75,73
1193,1137,101,91
1266,1342,84,66
1268,1267,87,67
1321,1259,74,59
1326,1354,73,57
1355,1292,65,61
1393,1411,80,67
1433,1251,85,57
1113,1167,75,59
1119,1284,91,84
1125,1434,85,81
1135,1126,81,73
1139,1237,92,54
1143,1172,86,60
1162,1224,72,59
1165,1389,65,62
1166,1164,102,77
1181,1189,105,66
1185,1178,88,73
1198,1197,65,45
1213,1188,86,75
1220,1357,80,73
1222,1311,76,49
1233,1180,77,70
1256,1341,77,58
1314,1422,96,63
1324,1152,101,93
1353,1262,89,66
1364,1449,83,78
1370,1413,80,75
1377,1195,89,81
1388,1430,65,50
1392,1312,83,61
1394,1122,74,70
1395,1175,75,47
1415,1288,81,72
1423,1144,106,83
1437,1335,77,57
1453,1287,78,72
1104,1240,67,59
1107,1383,71,66
1123,1105,63,62
1124,1411,72,59
1127,1291,62,53
1138,1174,99,79
1150,1154,111,93
1151,1252,80,56
1163,1400,71,66
1184,1264,76,64
1199,1196,73,71
1203,1416,67,50
1208,1352,79,67
1210,1182,73,67
1218,1290,77,48
1226,1169,84,79
1230,1349,82,76
1234,1277,83,70
1239,1265,69,68
1242,1414,78,53
1243,1387,75,47
1263,1346,98,95
1269,1254,83,79
1272,1408,77,65
1274,1343,76,64
1281,1115,78,25
1296,1227,70,65
1301,1318,72,66
1317,1358,69,64
1323,1251,73,56
1329,1282,61,43
1330,1313,68,57
1340,1168,89,82
1345,1458,61,55
1374,1409,81,69
1386,1271,78,68
1396,1153,77,70
1397,1398,74,69
1401,1142,82,63
1403,1350,85,70
1404,1194,57,48
1412,1372,76,66
1421,1202,67,65
1431,1410,85,64
1436,1373,73,64
1448,1261,77,71
1456,1141,88,84
1103,1354,78,68
1114,1375,69,60
1117,1407,84,81
1119,1250,88,82
1129,1413,64,56
1130,1306,72,67
1137,1298,88,58
1159,1248,77,70
1173,1116,85,81
1181,1253,103,81
1190,1287,75,72
1191,1232,70,62
1201,1424,69,66
1207,1177,70,58
1221,1131,80,64
1222,1378,73,67
1229,1283,74,61
1231,1353,79,72
1235,1164,104,84
1236,1331,90,84
1238,1368,89,66
1245,1299,61,60
1259,1110,75,67
1268,1336,70,64
1273,1244,76,73
1276,1228,78,68
1307,1305,88,76
1312,1384,77,65
1314,1155,80,69
1320,1133,80,44
1321,1304,81,72
1325,1415,81,59
1326,1278,78,63
1338,1393,72,61
1348,1135,88,85
1351,1216,82,80
1356,1260,72,62
1361,1461,67,55
1364,1370,88,50
1371,1266,83,63
1382,1310,82,68
1402,1204,80,66
1405,1297,90,73
1419,1111,72,56
1426,1209,85,70
1429,1363,80,71
1433,1316,80,68
1435,1444,86,61
1438,1324,71,58
1447,1262,76,62
1452,1439,88,63
1463,1148,62,42
1123,1152,73,48
1125,1369,92,82
1136,1171,62,60
1144,1457,90,83
1158,1241,65,62
1166,1385,80,70
1167,1288,80,68
1195,1247,86,77
1205,1157,65,61
1211,1365,79,77
1217,1459,77,57
1219,1347,77,60
1220,1174,90,80
1225,1315,74,71
1239,1126,74,70
1240,1188,72,67
1280,1300,71,48
1285,1319,90,84
1294,1186,96,90
1318,1189,86,79
1334,1360,77,75
1344,1139,81,73
1362,1339,107,95
1381,1286,93,82
1388,1140,85,74
1399,1183,94,84
1406,1456,76,69
1420,1271,89,75
1421,1255,70,61
1423,1180,75,63
1437,1462,95,64
1455,1179,67,47
1143,1160,79,65
1237,1377,77,66
1303,1442,82,80
1317,1427,70,66
1355,1176,68,59
1390,1428,70,68
1425,1450,90,77
1431,1349,61,60
1449,1417,96,93
1101,1146,62,61
1102,1363,64,57
1103,1252,80,73
1104,1313,68,49
1107,1165,75,70
1108,1341,73,70
1114,1407,67,61
1117,1375,89,67
1120,1397,83,77
1129,1161,84,80
1136,1148,88,72
1137,1119,84,76
1140,1334,81,67
1145,1265,92,83
1151,1154,84,78
1153,1409,76,57
1155,1199,84,75
1157,1457,82,63
1163,1408,75,67
1167,1415,67,48
1169,1288,88,74
1173,1182,66,58
1178,1464,96,87
1181,1130,81,64
1183,1240,75,64
1184,1122,79,70
1189,1180,83,78
1190,1441,82,66
1191,1283,76,59
1192,1383,86,77
1196,1208,77,63
1202,1440,85,57
1205,1255,67,66
1207,1266,80,70
1209,1402,58,46
1211,1362,102,94
1212,1105,81,78
1218,1224,94,59
1219,1149,78,73
1220,1406,90,58
1222,1396,77,50
1223,1322,99,73
1225,1294,75,70
1231,1304,79,69
1232,1260,73,58
1233,1346,78,66
1234,1345,70,63
1238,1106,68,61
1241,1174,73,63
1242,1124,102,74
1246,1279,83,61
1249,1311,79,67
1250,1131,81,73
1256,1379,87,57
1259,1248,81,78
1261,1435,90,82
1263,1135,98,92
1264,1193,72,66
1268,1321,72,59
1273,1359,69,50
1274,1393,64,51
1276,1336,79,56
1277,1278,69,61
1281,1366,81,50
1285,1381,83,66
1286,1319,74,72
1291,1254,79,63
1293,1287,62,57
1298,1221,65,60
1305,1461,71,68
1307,1201,77,62
1312,1420,86,83
1314,1210,86,78
1315,1186,79,71
1316,1185,82,77
1318,1423,65,63
1324,1156,86,68
1328,1235,87,83
1329,1395,69,48
1330,1150,74,65
1335,1127,80,45
1337,1258,68,65
1338,1271,92,58
1340,1170,76,68
1342,1144,70,63
1344,1385,83,65
1348,1387,85,57
1354,1275,71,67
1356,1320,75,73
1357,1352,69,65
1358,1230,78,72
1361,1429,70,67
1365,1339,84,77
1367,1282,70,68
1371,1177,78,74
1372,1270,86,57
1373,1310,75,63
1374,1378,72,58
1376,1272,86,76
1382,1172,97,85
1384,1447,73,65
1386,1350,77,73
1388,1360,79,46
1392,1162,69,60
1398,1369,72,66
1399,1188,86,63
1401,1116,92,69
1403,1400,82,74
1411,1380,88,66
1414,1308,54,52
1416,1187,71,68
1418,1111,79,58
1421,1251,76,69
1426,1204,92,72
1433,1206,71,47
1434,1227,75,47
1437,1166,85,71
1438,1323,77,66
1439,1301,73,68
1444,1239,76,72
1451,1226,77,56
1452,1243,87,83
1453,1297,86,70
1456,1158,78,70
1458,1353,79,57
1459,1422,87,76
1460,1454,84,82
1462,1139,88,69
1463,1216,88,53
1112,1113,94,82
1143,1428,71,58
1159,1110,56,37
1160,1390,56,55
1198,1194,76,59
1203,1200,69,63
1213,1126,74,53
1229,1179,67,62
1257,1448,65,57
1267,1443,94,76
1269,1247,74,67
1295,1176,75,49
1303,1237,76,71
1326,1228,75,73
1333,1332,70,57
1343,1214,89,59
1355,1442,63,59
1377,1331,94,84
1412,1292,78,67
1427,1349,85,80
1431,1317,84,75
1436,1217,65,62
1449,1425,87,85
1450,1417,85,78
1455,1133,85,58
1136,1192,85,80
1178,1156,88,80
1190,1300,72,68
1193,1171,97,85
1212,1106,84,81
1233,1310,65,52
1238,1105,67,66
1242,1328,109,106
1254,1148,76,67
1264,1373,92,87
1284,1145,81,66
1290,1115,66,60
1291,1383,44,40
1309,1249,68,64
1314,1199,106,90
1341,1380,71,65
1346,1351,64,60
1358,1322,94,79
1372,1368,89,69
1384,1357,84,80
1389,1265,68,60
1411,1108,74,58
1439,1438,70,68
1447,1352,72,69
1452,1395,95,87
1453,1460,76,68
1454,1297,76,67
1464,1324,100,98
1103,1138,75,71
1116,1435,90,85
1124,1329,79,62
1129,1429,76,61
1139,1177,77,72
1151,1273,74,62
1155,1393,74,73
1166,1207,79,66
1197,1366,61,58
1222,1408,63,45
1223,1270,82,73
1231,1458,59,58
1234,1304,77,66
1245,1444,87,84
1261,1246,85,67
1266,1344,65,64
1272,1311,82,46
1336,1278,86,77
1343,1313,83,74
1348,1350,77,65
1359,1154,94,74
1367,1299,78,68
1376,1120,81,69
1394,1146,94,82
1396,1163,55,53
1400,1243,60,57
1409,1187,55,43
1422,1202,67,66
1433,1386,85,82
1459,1440,65,61
1107,1420,73,59
1123,1405,87,69
1125,1188,85,77
1132,1275,73,62
1137,1110,72,54
1161,1424,66,65
1162,1271,81,75
1165,1224,84,81
1172,1182,77,66
1173,1269,93,63
1176,1331,78,75
1181,1448,91,75
1185,1141,99,80
1200,1247,66,61
1201,1305,85,63
1205,1144,71,68
1208,1281,77,59
1214,1288,83,80
1218,1142,86,73
1221,1159,65,63
1229,1260,54,52
1232,1179,79,69
1235,1403,76,69
1236,1377,85,65
1248,1119,76,73
1251,1157,62,61
1253,1169,94,79
1259,1250,51,50
1262,1216,80,76
1268,1353,88,63
1283,1320,59,58
1296,1325,80,69
1298,1131,83,67
1316,1391,97,79
1326,1321,65,56
1332,1143,68,65
1338,1210,89,84
1342,1255,78,65
1347,1149,80,73
1356,1133,65,44
1361,1363,77,62
1382,1206,77,58
1387,1203,65,62
1390,1333,78,72
1392,1127,62,52
1397,1196,83,69
1398,1183,66,61
1401,1280,61,60
1416,1378,75,64
1421,1457,85,84
1436,1263,90,72
1437,1371,72,63
1455,1191,67,64
1461,1102,64,52
1462,1385,74,66
1463,1312,83,65
1114,1418,77,57
1117,1419,68,65
1122,1240,73,54
1140,1365,97,61
1150,1379,82,76
1158,1220,72,61
1168,1415,79,73
1189,1241,79,73
1192,1357,80,68
1198,1443,75,72
1209,1407,72,68
1213,1410,83,63
1226,1294,83,78
1233,1351,67,58
1237,1355,74,67
1257,1301,77,72
1264,1145,94,86
1267,1194,90,67
1277,1228,79,54
1279,1104,74,66
1282,1370,84,69
1285,1340,79,66
1286,1170,71,64
1287,1369,96,69
1291,1148,73,62
1292,1431,78,72
1303,1295,91,82
1308,1430,78,66
1310,1389,63,61
1318,1174,88,56
1323,1130,82,54
1330,1256,56,53
1337,1334,81,76
1345,1276,87,70
1352,1254,70,60
1362,1360,73,65
1373,1193,91,76
1374,1153,59,57
1375,1204,64,58
1383,1384,73,56
1388,1258,73,48
1399,1293,71,65
1404,1184,78,70
1406,1423,76,60
1412,1427,104,82
1414,1413,76,55
1417,1112,87,84
1425,1113,75,65
1426,1111,71,67
1447,1136,65,56
1451,1315,74,62
1453,1156,87,67
1454,1464,81,65
1456,1180,72,63
1103,1444,62,53
1138,1245,76,67
1178,1227,87,69
1428,1160,56,54
1434,1324,84,67
1105,1115,85,70
1106,1290,75,74
1107,1436,69,57
1111,1402,76,56
1114,1419,58,57
1116,1280,82,68
1117,1418,71,69
1119,1259,73,59
1124,1235,94,89
1125,1183,85,59
1129,1201,81,70
1131,1248,68,47
1136,1291,82,79
1137,1221,98,71
1140,1362,102,92
1141,1132,79,67
1146,1249,93,76
1161,1363,85,84
1163,1272,81,78
1166,1371,82,67
1167,1282,83,72
1169,1168,85,75
1172,1206,81,75
1180,1158,61,54
1181,1439,82,58
1184,1369,88,69
1186,1225,74,60
1190,1422,86,83
1191,1133,67,35
1192,1148,92,73
1193,1351,69,64
1195,1391,82,53
1196,1261,68,62
1202,1151,70,55
1203,1182,91,64
1204,1407,93,88
1205,1347,83,61
1207,1177,74,63
1209,1375,70,55
1210,1438,68,64
1211,1339,85,74
1213,1308,79,75
1214,1126,75,70
1217,1171,77,70
1218,1364,65,57
1219,1342,82,66
1220,1189,80,76
1223,1368,77,58
1224,1164,72,63
1230,1322,70,56
1232,1229,77,65
1233,1265,90,80
1236,1176,65,64
1237,1442,67,60
1238,1108,80,71
1241,1406,73,59
1242,1403,69,59
1244,1252,102,86
1246,1104,77,61
1247,1173,61,57
1250,1110,65,50
1251,1144,55,52
1253,1413,59,47
1255,1157,76,61
1256,1150,93,90
1266,1385,81,75
1267,1198,99,81
1268,1458,63,60
1273,1154,91,80
1274,1199,72,59
1279,1208,72,71
1281,1120,76,61
1283,1260,56,54
1284,1346,88,74
1285,1170,77,58
1287,1404,64,58
1288,1175,63,58
1292,1427,79,71
1293,1240,69,54
1296,1185,80,63
1298,1159,71,68
1303,1377,79,73
1304,1353,90,56
1305,1102,86,63
1306,1127,58,43
1307,1429,77,59
1310,1264,55,53
1311,1101,63,62
1313,1197,77,56
1314,1393,84,73
1315,1226,84,76
1316,1239,83,68
1317,1349,85,74
1319,1381,73,63
1320,1179,77,44
1321,1278,77,52
1325,1123,79,73
1328,1243,86,76
1331,1295,66,65
1333,1143,77,71
1334,1258,60,58
1337,1388,67,64
1338,1323,86,82
1340,1286,77,70
1343,1335,73,71
1354,1300,91,75
1358,1309,73,70
1365,1360,65,53
1366,1299,75,68
1367,1312,80,78
1370,1152,66,50
1376,1435,69,65
1379,1330,73,71
1380,1212,66,61
1382,1269,88,77
1383,1352,56,49
1384,1254,72,65
1389,1145,70,53
1392,1262,86,59
1394,1270,77,68
1395,1400,58,57
1396,1187,78,60
1398,1188,63,60
1399,1122,72,66
1401,1397,92,88
1405,1275,84,76
1411,1341,64,38
1412,1431,87,80
1414,1415,84,68
1417,1113,81,74
1420,1263,89,76
1421,1149,83,73
1423,1174,85,67
1425,1112,103,101
1430,1410,98,65
1441,1440,73,52
1443,1194,86,82
1447,1357,76,59
1449,1450,99,95
1451,1294,85,68
1452,1329,77,60
1454,1156,65,62
1455,1356,83,58
1456,1318,78,60
1459,1359,69,64
1460,1297,60,46
1461,1424,59,57
1464,1453,103,93
1153,1378,54,51
1155,1257,66,62
1228,1345,84,70
1231,1326,85,60
1277,1336,92,65
1324,1227,86,61
1332,1390,71,58
1350,1200,93,82
1374,1416,88,73
1386,1348,72,67
1409,1408,81,67
1433,1387,72,56
1434,1178,92,74
1437,1139,60,55
1448,1301,77,74
1108,1212,69,53
1115,1106,59,55
1126,1313,72,70
1137,1250,82,76
1151,1459,77,68
1167,1152,67,56
1190,1440,88,51
1202,1359,77,57
1214,1197,71,65
1230,1309,71,68
1271,1288,69,65
1284,1193,86,74
1290,1105,79,73
1300,1366,69,46
1354,1299,92,85
1358,1368,70,63
1380,1238,74,66
1394,1249,91,82
1441,1422,83,77
1101,1322,87,72
1107,1306,80,75
1116,1281,94,61
1123,1444,74,64
1132,1325,91,75
1141,1103,92,81
1171,1145,80,69
1173,1172,80,74
1185,1138,81,69
1191,1179,84,65
1203,1269,81,70
1243,1403,83,70
1245,1275,76,68
1246,1280,80,74
1276,1268,70,67
1296,1405,71,66
1304,1278,84,59
1321,1458,70,65
1344,1166,50,48
1356,1229,81,78
1372,1146,85,64
1400,1235,94,91
1401,1196,71,68
1408,1378,81,70
1424,1307,86,74
1435,1120,75,57
1438,1274,66,58
1452,1242,74,63
1462,1177,84,64
1104,1376,73,50
1124,1395,82,54
1129,1305,74,67
1131,1110,61,50
1133,1260,54,53
1153,1222,70,59
1155,1181,68,63
1159,1119,80,66
1160,1333,71,54
1182,1387,81,71
1199,1301,85,78
1207,1385,93,73
1208,1397,81,72
1216,1127,76,72
1223,1311,78,69
1232,1320,74,60
1240,1369,74,60
1248,1221,65,52
1261,1279,90,81
1263,1262,95,81
1272,1396,67,65
1295,1377,66,65
1298,1259,60,52
1323,1210,72,64
1326,1353,94,68
1328,1329,74,72
1345,1336,74,57
1350,1247,83,61
1361,1161,69,62
1363,1461,62,55
1374,1187,79,55
1382,1348,69,64
1386,1206,87,73
1392,1420,86,74
1393,1130,62,40
1404,1399,96,90
1414,1253,58,54
1425,1417,89,75
1429,1102,79,60
1433,1200,88,54
1437,1266,83,68
1439,1448,93,91
1455,1283,78,62
1112,1449,99,67
1113,1450,84,73
1114,1111,81,55
1125,1293,81,73
1136,1383,61,59
1140,1211,69,68
1149,1251,64,63
1151,1441,77,58
1157,1342,87,58
1170,1226,82,71
1176,1442,76,69
1183,1184,97,85
1186,1381,106,80
1190,1359,81,77
1192,1384,71,59
1194,1379,58,51
1195,1312,82,78
1198,1256,88,74
1209,1419,65,51
1218,1415,80,71
1220,1180,69,61
1225,1319,83,76
1234,1277,76,59
1239,1244,83,70
1241,1318,75,63
1254,1447,71,70
1255,1144,74,57
1257,1338,59,41
1258,1362,87,83
1267,1317,97,78
1273,1202,69,65
1285,1294,73,66
1287,1188,70,67
1291,1352,76,52
1292,1150,73,72
1297,1464,84,64
1308,1282,65,64
1315,1286,85,68
1316,1252,95,83
1331,1237,80,71
1332,1428,77,59
1347,1421,91,86
1349,1443,83,73
1351,1265,102,100
1355,1236,92,76
1357,1148,80,78
1360,1339,82,71
1364,1142,76,73
1365,1337,62,60
1388,1334,78,62
1390,1143,77,71
1391,1367,89,86
1398,1122,66,52
1402,1375,78,67
1406,1174,79,77
1409,1163,60,51
1410,1152,82,72
1412,1330,72,71
1413,1169,63,62
1418,1204,74,65
1423,1189,91,82
1426,1407,90,63
1434,1454,68,56
1451,1340,73,58
1453,1227,78,76
1456,1158,63,61
1457,1219,86,66
1459,1154,86,83
1460,1156,70,53
1145,1264,65,62
1173,1203,77,70
1191,1229,66,55
1193,1310,73,68
1263,1107,81,79
1284,1233,110,102
1373,1346,64,52
1105,1106,80,75
1108,1290,93,87
1111,1117,86,72
1112,1450,90,66
1120,1246,75,70
1123,1275,48,46
1124,1403,63,60
1125,1122,76,58
1132,1185,84,79
1138,1141,74,61
1139,1385,78,58
1142,1253,96,92
1149,1144,82,75
1151,1190,94,84
1154,1202,89,86
1155,1274,76,65
1156,1297,70,65
1157,1219,71,68
1159,1137,84,73
1162,1165,74,70
1164,1126,62,54
1167,1370,79,52
1172,1269,86,74
1182,1382,95,88
1183,1287,84,82
1186,1319,96,73
1188,1184,67,65
1189,1158,65,64
1194,1256,63,61
1195,1367,85,56
1196,1279,80,71
1197,1288,72,65
1201,1363,81,74
1204,1419,66,51
1211,1360,88,52
1212,1341,66,63
1213,1430,99,88
1214,1299,79,62
1217,1224,69,61
1218,1168,86,79
1223,1309,73,69
1226,1340,73,70
1230,1368,75,71
1231,1278,70,63
1235,1243,76,63
1236,1303,106,101
1237,1176,76,61
1239,1252,76,73
1240,1404,82,60
1241,1220,86,82
1242,1395,70,63
1245,1325,89,82
1249,1322,86,82
1250,1221,87,66
1254,1136,79,61
1258,1365,76,66
1260,1320,51,41
1261,1116,76,74
1262,1420,95,89
1267,1349,94,90
1268,1326,100,65
1270,1358,72,68
1272,1378,71,56
1273,1459,70,69
1283,1133,61,42
1285,1315,65,61
1291,1384,82,72
1292,1330,64,61
1294,1286,78,76
1295,1355,68,57
1298,1248,87,61
1304,1228,78,67
1308,1152,80,62
1312,1391,71,59
1313,1300,88,79
1314,1301,67,55
1316,1244,93,78
1318,1174,69,60
1323,1181,95,91
1324,1178,86,82
1328,1452,70,68
1331,1442,77,68
1336,1321,71,62
1337,1362,98,84
1338,1130,84,61
1339,1140,84,81
1342,1347,69,68
1348,1247,73,62
1352,1192,64,58
1354,1175,90,79
1359,1441,84,68
1361,1129,56,53
1366,1271,68,61
1371,1344,81,72
1372,1101,97,62
1375,1426,88,85
1376,1281,81,72
1379,1198,66,60
1380,1115,69,55
1381,1225,85,83
1383,1357,85,67
1386,1200,80,55
1392,1306,80,50
1393,1448,83,55
1394,1311,76,71
1396,1153,67,65
1397,1280,80,75
1398,1293,73,71
1399,1369,91,55
1400,1329,74,69
1401,1208,79,45
1405,1103,78,64
1406,1180,69,50
1407,1402,66,57
1410,1282,71,66
1411,1238,71,65
1412,1150,74,72
1414,1364,61,52
1415,1169,75,72
1416,1187,89,69
1418,1209,87,54
1421,1205,75,69
1423,1456,97,94
1424,1102,100,64
1427,1431,71,67
1429,1161,96,92
1433,1350,94,89
1434,1453,85,70
1435,1104,71,63
1436,1216,83,68
1437,1207,55,50
1439,1210,78,77
1443,1317,81,76
1444,1296,83,69
1447,1148,70,48
1449,1113,89,85
1451,1170,85,74
1454,1227,87,62
1457,1251,74,58
1460,1464,81,45
1461,1307,70,68
1462,1266,74,66
1463,1135,77,68
1119,1110,65,45
1145,1346,63,53
1160,1332,91,87
1163,1222,69,57
1166,1177,91,80
1199,1438,69,62
1206,1387,92,79
1234,1276,82,71
1264,1310,69,64
1351,1233,79,75
1356,1179,81,76
1374,1408,60,45
1389,1265,76,67
1422,1440,85,68
1428,1333,59,53
1455,1232,82,62
1458,1277,77,76
1107,1127,80,59
1108,1115,73,65
1117,1114,76,73
1126,1288,62,50
1131,1259,87,84
1156,1227,70,53
1164,1197,70,66
1214,1300,80,79
1235,1328,82,77
1238,1341,60,57
1262,1436,93,82
1284,1373,85,69
1306,1263,99,91
1313,1299,75,68
1345,1353,107,57
1354,1271,68,63
1358,1311,87,76
1366,1175,64,47
1368,1249,98,70
1372,1309,82,58
1380,1290,67,54
1392,1216,77,43
1393,1181,64,62
1403,1395,76,69
1411,1212,69,54
1434,1464,96,65
1460,1178,77,76
1101,1270,75,67
1103,1185,92,88
1120,1104,83,77
1138,1275,77,60
1163,1408,60,42
1173,1382,85,79
1191,1260,74,66
1196,1280,81,78
1207,1462,81,72
1209,1204,69,66
1223,1146,72,61
1231,1228,103,69
1245,1123,76,68
1251,1255,55,53
1268,1321,62,56
1296,1141,75,70
1297,1324,90,73
1301,1338,78,61
1325,1444,82,64
1329,1242,86,67
1344,1139,71,68
1361,1201,73,67
1374,1222,77,73
1376,1279,77,74
1389,1193,77,71
1394,1322,89,79
1401,1261,71,57
1405,1132,81,74
1409,1187,84,69
1424,1429,80,68
1438,1155,69,62
1453,1152,99,66
1110,1248,81,73
1124,1243,79,72
1129,1363,94,69
1137,1259,67,58
1149,1342,73,72
1159,1131,85,78
1161,1102,83,79
1177,1266,57,56
1200,1206,73,62
1208,1281,60,57
1219,1421,73,69
1221,1119,69,65
1224,1175,71,67
1229,1133,55,52
1253,1364,77,67
1257,1199,84,65
1274,1130,67,53
1276,1278,74,69
1283,1179,79,70
1298,1250,69,64
1304,1277,72,71
1305,1461,75,69
1314,1448,83,68
1323,1439,83,81
1347,1144,78,66
1356,1232,79,66
1377,1442,76,67
1386,1335,75,60
1387,1172,96,87
1396,1247,62,49
1400,1452,56,49
1414,1168,72,59
1416,1378,64,54
1417,1333,82,73
1433,1182,93,71
1435,1397,88,74
1437,1371,72,71
1449,1160,95,83
1455,1320,74,55
1457,1205,71,58
1111,1209,76,67
1112,1390,71,57
1114,1402,77,74
1122,1188,90,86
1125,1404,82,72
1140,1258,91,80
1143,1113,75,70
1150,1267,103,95
1151,1422,73,60
1153,1272,76,72
1154,1441,92,91
1158,1406,40,37
1167,1410,77,58
1169,1142,76,74
1184,1240,91,88
1190,1273,65,63
1192,1254,101,95
1195,1244,79,74
1198,1427,72,56
1213,1152,90,65
1216,1420,98,87
1220,1318,96,92
1225,1285,63,58
1234,1353,90,76
1236,1295,79,74
1241,1180,68,45
1246,1116,80,66
1252,1391,92,87
1264,1284,78,71
1286,1186,85,71
1287,1399,81,74
1292,1317,86,64
1293,1183,68,58
1294,1381,90,80
1303,1176,69,55
1306,1262,78,76
1308,1370,68,60
1312,1239,83,63
1315,1319,101,59
1316,1367,78,62
1330,1443,68,62
1332,1425,89,81
1334,1339,70,61
1337,1360,76,58
1345,1326,75,64
1352,1148,59,45
1355,1331,86,74
1357,1291,76,71
1362,1365,74,61
1373,1351,63,52
1384,1136,71,65
1388,1211,70,67
1412,1349,82,70
1413,1415,58,55
1418,1375,92,82
1419,1407,85,74
1423,1174,79,70
1426,1117,91,64
1428,1450,92,71
1430,1282,90,79
1431,1194,71,56
1436,1127,61,52
1440,1359,83,76
1447,1383,83,59
1456,1189,89,67
1458,1336,66,60
1145,1310,70,61
1193,1265,88,76
1203,1348,62,58
1233,1389,64,58
1297,1227,82,69
1392,1107,69,63
1460,1434,73,62
1103,1275,75,46
1108,1105,63,58
1114,1426,68,62
1115,1341,45,44
1123,1185,88,87
1125,1398,103,95
1129,1461,81,71
1137,1131,74,71
1141,1325,72,49
1142,1168,83,75
1143,1112,74,73
1146,1311,94,83
1150,1443,88,71
1157,1149,78,63
1158,1174,59,58
1160,1450,75,70
1162,1165,79,68
1163,1207,68,62
1166,1139,72,64
1171,1217,63,50
1181,1301,88,78
1182,1206,86,75
1183,1122,87,86
1190,1154,101,92
1194,1427,86,71
1196,1120,95,63
1198,1431,79,69
1201,1102,56,55
1202,1459,63,62
1208,1116,76,73
1211,1334,71,61
1213,1282,85,78
1214,1366,75,52
1218,1413,78,62
1220,1456,91,63
1223,1249,92,79
1226,1451,69,68
1228,1278,76,71
1229,1320,76,67
1230,1101,74,60
1231,1321,89,57
1235,1395,73,60
1237,1236,84,82
1238,1212,60,45
1239,1367,77,68
1240,1287,78,74
1241,1189,82,64
1242,1400,76,67
1243,1329,89,73
1245,1132,62,59
1246,1435,76,57
1251,1219,69,67
1252,1195,91,75
1256,1379,70,59
1257,1210,75,71
1258,1360,67,63
1260,1179,68,63
1261,1104,72,70
1266,1385,78,73
1267,1330,78,75
1270,1322,75,74
1271,1126,74,72
1274,1448,77,63
1276,1304,81,68
1277,1268,74,65
1280,1279,83,77
1285,1186,74,69
1286,1225,70,68
1291,1192,87,72
1292,1349,87,73
1293,1188,70,54
1294,1319,84,79
1295,1442,65,52
1296,1405,58,49
1303,1331,85,79
1305,1424,65,63
1307,1363,83,64
1308,1167,68,67
1313,1354,87,74
1315,1381,88,72
1316,1312,94,80
1323,1130,76,49
1324,1453,111,95
1328,1124,82,72
1332,1417,86,72
1337,1140,71,65
1338,1199,74,72
1340,1170,81,63
1344,1437,82,76
1347,1205,69,59
1352,1136,65,54
1355,1377,79,75
1357,1447,67,58
1361,1429,70,55
1364,1169,74,61
1369,1404,68,60
1370,1410,70,59
1372,1358,76,64
1378,1222,71,62
1380,1106,73,69
1383,1254,64,49
1384,1148,79,64
1386,1247,69,48
1387,1269,86,75
1388,1339,89,74
1390,1113,75,73
1391,1244,84,79
1394,1309,97,76
1396,1374,89,80
1397,1376,78,69
1399,1184,89,83
1401,1281,66,53
1402,1117,78,68
1406,1318,79,72
1411,1290,75,60
1412,1317,78,57
1415,1253,74,72
1418,1407,88,65
1419,1375,100,68
1421,1342,67,55
1422,1359,86,78
1423,1180,77,71
1430,1152,82,76
1433,1382,84,76
1438,1393,73,65
1441,1273,86,80
1444,1138,91,71
1452,1403,80,76
1454,1178,83,80
1455,1133,88,54
1457,1255,82,68
1462,1371,84,76
1463,1135,90,66
1127,1262,64,57
1153,1408,97,75
1159,1221,76,61
1173,1200,64,50
1187,1272,84,83
1193,1233,98,91
1232,1191,82,65
1234,1345,83,71
1284,1265,83,72
1306,1216,84,71
1314,1439,75,70
1333,1425,85,70
1351,1346,75,52
1356,1283,80,65
1373,1145,99,78
1409,1416,75,60
1428,1449,80,75
1434,1297,71,46
1436,1420,79,72
1460,1227,80,66
1464,1156,70,55
1108,1106,77,72
1137,1248,79,67
1172,1350,78,70
1175,1299,57,55
1202,1440,68,56
1204,1111,101,100
1224,1126,70,68
1235,1242,85,72
1270,1230,79,76
1274,1181,80,69
1290,1341,76,73
1309,1146,94,83
1313,1366,92,73
1322,1311,88,80
1324,1454,82,79
1326,1336,66,46
1354,1214,67,62
1358,1101,72,51
1372,1249,86,52
1380,1105,73,52
1392,1263,81,54
1411,1115,78,49
1438,1448,72,71
1453,1178,115,108
1103,1296,76,66
1104,1397,63,57
1132,1444,79,78
1138,1123,76,64
1141,1275,68,51
1182,1247,87,60
1199,1130,72,62
1207,1166,74,73
1229,1179,76,64
1245,1185,73,58
1261,1208,89,85
1272,1416,97,86
1325,1405,81,79
1328,1403,91,67
1361,1305,57,54
1373,1310,82,70
1375,1407,66,58
1376,1280,84,74
1394,1368,73,63
1400,1395,71,54
1435,1196,60,59
1452,1243,70,55
1458,1231,82,79
1462,1344,75,68
1107,1262,75,63
1110,1298,63,58
1116,1401,74,71
1124,1329,69,65
1127,1420,66,57
1131,1119,76,67
1139,1177,67,53
1155,1338,73,60
1157,1421,68,66
1160,1390,91,75
1161,1363,74,66
1164,1299,73,68
1173,1387,73,37
1175,1300,71,60
1187,1396,64,61
1201,1461,71,60
1210,1301,90,83
1219,1144,73,63
1222,1409,81,66
1232,1283,68,59
1239,1195,78,69
1244,1367,78,75
1246,1281,88,54
1250,1159,79,70
1251,1205,69,55
1252,1312,81,72
1257,1439,91,83
1259,1221,71,54
1263,1216,105,100
1266,1391,74,60
1276,1353,68,57
1279,1120,80,63
1287,1122,75,65
1293,1184,75,71
1307,1102,84,55
1320,1133,68,50
1345,1278,68,64
1347,1255,90,81
1348,1200,79,63
1371,1385,79,60
1378,1408,73,60
1386,1269,78,70
1413,1168,69,64
1414,1169,73,63
1424,1129,87,77
1428,1143,73,64
1436,1306,66,50
1455,1260,80,54
1457,1149,97,72
1111,1407,75,71
1113,1333,86,68
1114,1204,80,67
1117,1209,75,69
1125,1240,72,63
1140,1258,87,62
1148,1136,78,67
1150,1198,72,69
1153,1163,58,57
1158,1318,68,61
1170,1225,65,63
1176,1377,66,52
1183,1404,82,74
1186,1340,112,83
1191,1356,85,78
1192,1384,86,82
1202,1441,62,60
1211,1365,84,67
1213,1167,70,64
1220,1189,66,64
1226,1381,87,68
1236,1331,68,63
1253,1364,80,70
1254,1357,92,84
1256,1427,85,75
1267,1292,82,66
1268,1234,74,68
1273,1440,73,58
1277,1321,76,45
1284,1346,66,51
1291,1352,70,49
1310,1265,69,66
1326,1228,68,63
1330,1194,78,66
1332,1112,83,75
1337,1360,75,65
1350,1203,98,90
1351,1389,76,45
1355,1303,87,76
1362,1339,87,76
1369,1188,58,51
1370,1430,73,62
1379,1431,71,58
1393,1323,81,66
1399,1398,81,79
1406,1180,77,70
1415,1142,72,68
1418,1402,80,54
1419,1426,99,88
1422,1154,102,95
1423,1241,78,73
1425,1450,81,71
1434,1156,77,52
1443,1412,69,62
1447,1383,64,61
1449,1417,86,84
1451,1319,76,66
1456,1174,94,79
1459,1190,87,73
1464,1227,82,78
1162,1171,77,60
1165,1217,77,65
1193,1145,84,77
1233,1264,70,56
1237,1442,69,67
1297,1178,91,83
1324,1460,89,63
1343,1135,83,59
1433,1172,79,69
1454,1453,95,94
1463,1335,81,58
1101,1249,80,71
1103,1123,73,64
1105,1341,83,69
1107,1216,86,60
1110,1159,54,49
1112,1333,80,63
1114,1209,63,53
1115,1212,63,59
1116,1403,75,68
1122,1369,86,80
1124,1208,83,73
1126,1197,88,56
1135,1335,89,83
1137,1119,94,66
1138,1405,73,68
1140,1337,88,77
1141,1132,77,65
1151,1359,63,56
1154,1440,78,75
1157,1144,97,68
1162,1217,55,54
1165,1171,77,73
1167,1430,78,74
1173,1247,59,44
1179,1133,80,70
1182,1387,78,67
1183,1188,60,46
1186,1170,74,67
1189,1318,71,67
1192,1254,88,85
1194,1150,82,77
1196,1452,88,71
1199,1155,76,65
1200,1269,78,72
1202,1190,74,70
1204,1117,71,66
1205,1149,68,59
1211,1362,86,48
1214,1313,86,76
1220,1180,70,64
1221,1298,87,80
1222,1187,97,93
1223,1358,70,69
1225,1340,56,55
1226,1319,88,66
1227,1156,72,70
1230,1311,68,61
1231,1278,74,68
1238,1290,77,62
1239,1391,75,60
1242,1246,90,84
1243,1279,69,64
1251,1342,65,61
1253,1218,78,64
1256,1431,78,70
1259,1248,84,77
1260,1232,104,96
1263,1127,74,63
1266,1139,75,69
1271,1164,83,81
1273,1422,81,67
1275,1296,72,59
1276,1336,79,72
1280,1281,76,62
1282,1152,78,64
1283,1229,84,81
1284,1389,73,57
1285,1286,80,72
1287,1184,70,67
1288,1224,83,63
1292,1443,66,64
1294,1315,71,70
1299,1366,63,62
1301,1274,85,69
1303,1377,96,83
1305,1429,89,84
1306,1420,84,81
1307,1129,88,83
1308,1410,92,68
1309,1270,76,64
1312,1244,75,67
1314,1130,89,62
1316,1195,82,76
1322,1368,91,76
1325,1245,72,61
1328,1261,77,75
1329,1120,74,63
1330,1198,64,60
1344,1207,73,69
1345,1304,89,74
1346,1310,82,68
1349,1317,95,87
1354,1175,56,41
1355,1176,67,56
1357,1136,72,71
1360,1258,77,69
1361,1424,67,52
1363,1102,75,54
1364,1414,76,60
1365,1339,90,84
1367,1252,92,91
1370,1213,59,57
1371,1166,75,65
1372,1394,66,61
1373,1265,77,66
1374,1272,80,68
1375,1111,73,60
1376,1104,78,64
1379,1427,86,70
1380,1108,75,64
1383,1148,60,49
1384,1352,90,78
1386,1348,64,55
1388,1334,68,65
1392,1436,72,61
1393,1210,60,57
1395,1397,75,63
1398,1240,78,53
1399,1125,89,79
1400,1435,72,58
1401,1235,72,62
1404,1293,63,59
1406,1174,101,97
1409,1408,62,48
1411,1106,75,72
1412,1267,81,78
1413,1142,66,52
1415,1168,81,71
1417,1450,83,50
1418,1426,90,75
1419,1402,72,59
1421,1255,88,74
1423,1158,65,55
1425,1449,98,88
1428,1390,96,74
1434,1464,97,68
1438,1257,63,47
1444,1185,94,86
1447,1291,73,63
1451,1381,77,50
1457,1347,87,77
1459,1441,85,66
1461,1161,83,76
1462,1177,86,65
1463,1343,79,75
1131,1250,75,73
1160,1143,70,62
1163,1416,67,41
1178,1460,75,68
1203,1206,76,70
1234,1321,85,71
1236,1442,88,67
1237,1295,73,72
1268,1326,66,61
1277,1353,96,62
1320,1356,67,58
1323,1448,85,62
1332,1113,91,74
1338,1439,90,71
1351,1145,79,68
1382,1350,84,68
1396,1378,70,63
1437,1385,68,53
1455,1191,78,65
1456,1241,68,62
1458,1228,63,55
1106,1341,83,77
1110,1221,58,45
1151,1154,125,85
1199,1301,77,73
1222,1374,71,68
1233,1389,75,67
1238,1115,66,53
1239,1195,83,80
1244,1367,75,62
1257,1314,71,65
1259,1159,68,65
1271,1224,85,67
1273,1359,85,70
1284,1373,93,87
1288,1164,83,43
1290,1212,72,59
1298,1119,64,50
1300,1197,81,63
1309,1311,74,53
1312,1252,90,78
1324,1297,85,74
1346,1193,64,59
1358,1249,69,66
1368,1270,82,80
1391,1316,86,82
1400,1124,67,59
1411,1105,71,68
1101,1223,79,72
1103,1325,80,68
1104,1280,82,80
1123,1132,72,64
1126,1366,62,59
1129,1429,70,67
1138,1296,90,78
1139,1207,87,76
1141,1245,88,61
1155,1448,76,62
1177,1344,77,70
1181,1210,80,71
1185,1275,94,69
1208,1376,69,56
1230,1394,70,65
1231,1276,80,67
1232,1179,63,56
1251,1457,88,77
1261,1120,80,68
1264,1351,65,57
1269,1348,61,56
1283,1133,77,71
1307,1424,87,83
1322,1146,91,75
1328,1395,95,72
1361,1161,69,67
1393,1439,68,60
1397,1246,84,77
1405,1444,89,62
1418,1419,72,65
1452,1235,81,76
1102,1461,70,62
1107,1420,79,73
1110,1137,69,55
1112,1450,79,64
1119,1248,84,81
1131,1298,83,72
1150,1299,92,72
1157,1342,69,66
1169,1415,73,71
1196,1116,87,83
1203,1172,79,69
1205,1219,79,74
1206,1350,78,74
1228,1353,110,101
1229,1260,78,70
1234,1336,73,49
1242,1243,77,59
1250,1259,71,66
1255,1144,80,79
1262,1216,85,83
1268,1304,70,65
1274,1323,79,70
1279,1281,76,73
1320,1191,57,54
1363,1201,65,53
1371,1266,79,62
1382,1386,83,73
1392,1127,76,51
1403,1329,63,61
1414,1142,78,72
1421,1149,63,55
1433,1247,88,70
1436,1263,85,68
1437,1166,83,58
1438,1130,61,47
1442,1303,83,76
1449,1113,95,83
1455,1356,76,55
1462,1385,90,83
1114,1407,72,49
1117,1375,79,73
1125,1287,73,67
1140,1388,70,59
1148,1352,65,60
1151,1459,79,63
1153,1378,88,57
1158,1406,65,47
1163,1272,77,57
1167,1282,77,66
1168,1413,61,57
1170,1285,83,79
1176,1237,53,51
1178,1156,71,63
1184,1398,97,81
1186,1319,84,73
1189,1174,83,56
1190,1440,71,60
1192,1447,82,79
1202,1359,67,65
1204,1426,82,73
1209,1402,59,56
1211,1258,92,63
1218,1364,76,64
1225,1381,68,44
1236,1377,95,82
1241,1180,78,56
1254,1291,77,74
1256,1349,90,78
1292,1194,85,73
1293,1369,78,72
1295,1331,67,63
1308,1213,70,50
1315,1226,76,60
1317,1379,70,54
1321,1278,82,58
1324,1464,107,85
1332,1160,76,56
1333,1428,71,69
1339,1337,73,70
1340,1286,83,68
1346,1265,79,53
1357,1383,74,70
1360,1334,54,43
1370,1152,59,56
1384,1136,63,57
1396,1409,83,79
1404,1122,86,77
1412,1198,74,69
1416,1408,70,62
1418,1111,87,76
1422,1441,75,58
1423,1220,70,67
1425,1417,80,61
1430,1410,88,77
1431,1267,112,108
1435,1401,77,60
1443,1427,83,71
1451,1294,64,54
1453,1297,85,78
1456,1318,86,77
1458,1326,79,68
1460,1454,84,83
1135,1165,86,80
1233,1145,84,66
1284,1193,91,67
1335,1171,71,64
1343,1217,83,62
1351,1310,66,60
1373,1389,69,52
1463,1162,86,72
1102,1129,61,53
1103,1141,92,87
1104,1281,80,71
1105,1115,71,66
1106,1290,73,62
1107,1436,75,71
1108,1238,72,64
1112,1449,77,72
1113,1450,67,55
1114,1375,74,43
1116,1397,85,67
1122,1293,76,73
1123,1444,75,71
1126,1175,85,56
1131,1248,89,82
1133,1232,63,58
1137,1221,77,52
1138,1185,80,70
1139,1385,89,56
1143,1390,76,61
1146,1309,112,77
1151,1202,62,54
1157,1347,72,60
1158,1180,60,38
1159,1298,58,55
1161,1305,76,67
1162,1135,77,73
1166,1177,88,66
1167,1152,71,48
1172,1182,93,82
1173,1206,98,64
1176,1303,75,72
1178,1464,94,92
1181,1301,88,80
1183,1369,78,69
1184,1125,88,78
1186,1381,81,67
1190,1422,68,65
1191,1283,83,64
1195,1316,81,65
1199,1448,91,71
1201,1424,111,104
1203,1433,72,69
1204,1402,66,62
1205,1342,69,66
1208,1120,65,55
1211,1337,69,66
1213,1410,64,58
1218,1142,75,60
1226,1294,90,57
1229,1455,58,53
1230,1249,74,71
1235,1329,64,59
1239,1391,96,88
1241,1220,98,95
1242,1395,75,56
1243,1328,80,69
1246,1196,80,61
1250,1110,72,49
1251,1219,80,76
1252,1367,78,65
1253,1169,81,76
1255,1149,78,76
1257,1130,79,47
1259,1119,100,99
1260,1356,73,59
1261,1280,88,77
1267,1427,109,91
1268,1345,72,61
1271,1214,73,70
1272,1153,63,59
1273,1154,88,72
1275,1132,55,51
1277,1276,89,73
1279,1435,85,78
1285,1340,82,80
1286,1170,79,76
1292,1198,67,66
1295,1236,62,46
1297,1454,75,71
1299,1300,67,63
1304,1353,87,63
1306,1127,59,55
1308,1430,98,74
1311,1270,71,56
1312,1244,78,59
1313,1224,99,92
1315,1451,78,71
1317,1256,80,69
1319,1225,72,70
1320,1179,82,66
1323,1314,80,76
1324,1156,67,57
1325,1296,80,69
1330,1150,74,69
1333,1160,60,56
1334,1140,77,72
1335,1217,67,57
1336,1231,68,63
1339,1258,92,78
1341,1411,59,55
1343,1171,83,70
1348,1247,79,62
1349,1379,72,65
1350,1269,69,53
1352,1136,89,71
1354,1164,88,83
1355,1237,80,58
1357,1254,98,90
1361,1307,78,71
1362,1365,89,86
1364,1168,81,68
1366,1288,57,49
1368,1101,81,60
1370,1282,65,55
1371,1207,69,61
1372,1223,72,66
1376,1401,81,78
1377,1331,91,79
1380,1212,79,66
1383,1192,85,71
1384,1148,91,82
1386,1200,82,60
1388,1360,60,43
1392,1262,91,73
1394,1358,51,48
1396,1416,62,60
1398,1287,77,76
1399,1240,68,58
1400,1403,69,59
1404,1188,79,62
1405,1245,82,67
1406,1189,81,77
1407,1117,71,70
1412,1194,104,67
1413,1415,50,49
1419,1111,91,90
1420,1263,83,79
1421,1144,81,71
1423,1318,90,73
1426,1209,90,69
1431,1443,93,89
1434,1227,73,55
1437,1344,72,60
1438,1338,64,50
1439,1155,60,57
1441,1440,69,60
1447,1291,72,51
1452,1124,80,69
1456,1174,90,64
1459,1359,78,75
1460,1453,79,60
1461,1429,84,65
1462,1266,90,82
1463,1165,83,52
1145,1351,67,61
1163,1187,85,67
1193,1264,80,70
1233,1310,75,61
1234,1228,77,65
1265,1373,79,73
1274,1210,75,68
1332,1428,76,66
1374,1378,92,58
1382,1387,65,62
1409,1222,77,63
1101,1249,71,67
1107,1127,69,56
1108,1212,66,63
1115,1106,75,70
1119,1159,82,72
1151,1273,72,66
1181,1257,72,65
1197,1175,96,95
1202,1422,79,72
1207,1385,92,67
1214,1224,68,65
1238,1380,81,80
1250,1248,87,72
1262,1436,100,93
1290,1105,66,64
1306,1263,88,75
1311,1230,71,60
1313,1271,76,70
1323,1155,89,83
1328,1400,63,60
1354,1288,82,78
1359,1154,95,86
1366,1164,72,63
1372,1322,83,72
1389,1346,68,52
1392,1216,85,72
1394,1223,83,76
1395,1329,63,56
1459,1440,92,60
1103,1132,83,68
1146,1368,88,72
1153,1416,69,51
1166,1462,70,56
1173,1182,76,74
1185,1141,71,56
1196,1279,77,72
1242,1452,75,65
1245,1296,75,74
1246,1208,82,48
1274,1338,65,63
1275,1444,45,44
1280,1116,78,46
1284,1265,87,61
1314,1130,68,65
1325,1123,72,69
1326,1321,71,63
1345,1277,82,81
1348,1206,81,63
1397,1120,71,45
1405,1138,71,69
1426,1402,65,53
1429,1307,80,72
1437,1177,86,59
1438,1439,67,49
1455,1179,74,48
1104,1401,63,62
1122,1183,79,70
1124,1243,82,72
1125,1240,81,73
1131,1110,71,51
1139,1371,81,75
1161,1129,97,93
1169,1168,75,67
1172,1247,79,66
1201,1361,58,57
1210,1448,71,66
1221,1248,67,53
1222,1272,98,90
1250,1137,80,65
1260,1133,54,43
1266,1344,96,91
1276,1278,82,74
1287,1184,61,50
1298,1259,71,51
1303,1355,96,92
1305,1102,72,52
1320,1283,83,69
1350,1387,67,53
1356,1232,85,78
1376,1261,94,83
1382,1200,76,72
1386,1203,84,66
1398,1399,85,55
1403,1235,85,82
1408,1187,100,92
1409,1374,82,77
1424,1363,64,61
1428,1449,90,82
1435,1281,86,71
1458,1304,72,61
1127,1216,68,54
1140,1362,114,89
1143,1332,83,63
1144,1205,89,85
1149,1342,77,63
1150,1349,102,73
1160,1450,88,81
1174,1180,69,60
1186,1315,95,85
1190,1359,94,90
1192,1136,91,77
1194,1427,79,73
1195,1367,71,64
1202,1154,95,75
1204,1407,77,71
1211,1339,92,66
1218,1414,74,52
1219,1157,68,67
1220,1456,86,80
1225,1294,73,67
1226,1340,88,71
1227,1460,64,59
1229,1191,70,60
1231,1234,85,78
1241,1158,56,52
1244,1316,101,91
1252,1239,93,92
1253,1142,73,70
1254,1447,82,69
1256,1292,73,63
1258,1334,77,72
1262,1263,108,95
1264,1346,84,77
1269,1433,69,63
1270,1309,87,76
1285,1381,86,53
1286,1319,101,58
1291,1357,66,61
1293,1188,70,64
1306,1107,69,68
1312,1391,74,70
1318,1406,47,44
1330,1317,67,47
1331,1237,77,56
1333,1390,62,50
1337,1388,69,63
1347,1421,60,59
1364,1413,72,66
1365,1360,74,71
1373,1145,90,67
1375,1209,79,78
1377,1295,72,58
1383,1148,74,67
1384,1352,68,57
1392,1420,75,52
1393,1199,85,72
1396,1163,63,58
1402,1111,69,68
1404,1369,77,64
1412,1379,80,77
1418,1117,83,73
1419,1114,86,82
1423,1189,86,82
1431,1198,84,74
1434,1297,64,52
1440,1422,86,72
1441,1151,67,61
1442,1176,63,60
1451,1170,63,50
1453,1178,86,85
1454,1324,93,85
1457,1255,88,80
1459,1273,79,70
1112,1417,81,75
1113,1425,74,67
1162,1335,63,53
1173,1348,68,66
1213,1370,71,60
1217,1135,79,73
1230,1146,71,69
1284,1351,79,78
1343,1165,85,56
1389,1310,72,59
1463,1171,75,65
1104,1196,61,55
1106,1105,74,68
1108,1290,72,71
1114,1418,68,64
1119,1110,65,59
1123,1141,75,63
1129,1461,94,71
1131,1259,73,65
1140,1365,96,62
1142,1415,86,78
1143,1333,83,71
1144,1342,91,61
1150,1317,103,79
1151,1190,76,68
1153,1187,75,60
1155,1210,66,52
1156,1464,64,59
1157,1205,78,71
1158,1189,66,62
1159,1137,91,81
1160,1449,81,80
1163,1409,75,73
1164,1224,90,66
1166,1266,65,62
1167,1430,91,69
1171,1135,87,70
1175,1271,75,71
1178,1454,80,66
1181,1438,63,62
1185,1245,75,70
1186,1294,97,80
1188,1183,72,64
1193,1346,84,80
1198,1427,79,65
1202,1273,85,74
1206,1172,60,59
1208,1280,66,57
1218,1168,76,59
1219,1149,72,50
1220,1174,77,66
1222,1416,82,58
1225,1315,65,64
1226,1170,66,64
1227,1297,79,77
1235,1400,85,75
1236,1176,88,84
1242,1328,76,72
1244,1239,90,69
1246,1376,89,62
1251,1255,69,68
1252,1316,94,87
1253,1413,57,48
1256,1412,85,76
1261,1401,76,71
1264,1265,81,73
1267,1443,96,93
1276,1345,61,56
1279,1116,76,60
1281,1397,75,64
1282,1410,75,58
1283,1232,89,85
1285,1319,85,67
1286,1381,80,73
1287,1125,78,77
1291,1384,66,61
1292,1379,76,54
1293,1369,83,56
1296,1103,80,79
1298,1248,74,68
1299,1197,75,68
1300,1126,90,66
1301,1448,99,88
1303,1295,76,69
1304,1336,70,54
1305,1201,77,72
1307,1363,74,58
1308,1152,69,55
1312,1195,68,59
1313,1288,79,73
1318,1180,70,60
1320,1455,53,50
1321,1228,58,56
1322,1270,87,78
1323,1257,71,66
1324,1453,111,93
1325,1138,94,75
1326,1353,79,69
1329,1243,58,55
1331,1442,72,66
1335,1165,92,84
1337,1334,65,63
1341,1212,60,56
1343,1162,88,83
1344,1207,75,72
1349,1330,75,66
1350,1200,71,67
1352,1192,72,70
1355,1377,85,68
1356,1179,75,60
1357,1148,87,52
1358,1223,80,68
1361,1102,70,61
1362,1360,68,51
1366,1354,60,57
1367,1391,85,83
1368,1311,69,61
1372,1394,70,58
1373,1233,81,78
1374,1211,69,60
1375,1204,80,76
1380,1115,66,58
1382,1203,64,57
1386,1247,88,62
1388,1258,68,62
1390,1332,76,72
1398,1184,79,78
1399,1240,72,70
1403,1124,84,66
1404,1122,85,84
1405,1275,93,49
1406,1456,99,82
1407,1209,54,53
1408,1272,94,87
1411,1238,76,60
1414,1169,93,84
1419,1117,78,73
1423,1241,78,68
1424,1161,87,80
1426,1111,91,60
1431,1194,89,82
1433,1387,85,52
1435,1120,86,57
1437,1385,73,63
1441,1359,76,71
1444,1132,74,68
1447,1136,79,55
1451,1340,87,78
1452,1395,73,42
1457,1347,86,84
1458,1268,70,57
1459,1154,99,89
1460,1434,61,59
1462,1139,74,57
1463,1217,67,55
1107,1263,108,64
1112,1425,86,78
1191,1260,74,73
1229,1133,75,60
1234,1278,75,71
1262,1420,96,92
1269,1182,108,99
1274,1199,67,65
1277,1231,88,69
1314,1338,85,64
1351,1310,77,59
1389,1145,61,57
1392,1306,59,58
1393,1130,75,61
1396,1378,77,65
1417,1113,78,65
1428,1450,88,47
1436,1216,92,81
1108,1115,79,60
1126,1299,83,77
1146,1322,107,94
1175,1164,71,67
1190,1441,83,77
1193,1265,76,73
1214,1288,87,79
1223,1249,79,78
1224,1271,77,74
1233,1346,78,59
1238,1341,80,66
1242,1329,94,67
1250,1221,64,59
1254,1383,82,67
1284,1264,79,70
1300,1197,79,74
1324,1460,89,73
1358,1101,84,71
1368,1270,79,76
1372,1230,84,46
1380,1290,97,64
1394,1309,65,57
1411,1212,79,72
1422,1459,65,61
1438,1301,73,53
1453,1454,70,68
1455,1308,71,41
1102,1424,79,74
1103,1138,80,70
1123,1275,73,56
1124,1235,100,91
1139,1166,88,75
1141,1405,77,69
1172,1350,83,79
1178,1297,74,68
1196,1208,57,53
1228,1353,82,66
1243,1395,63,49
1245,1444,85,78
1280,1435,75,74
1281,1376,72,67
1296,1132,71,60
1325,1185,86,64
1326,1276,76,66
1338,1448,101,96
1345,1321,71,61
1378,1187,69,52
1400,1452,85,78
1401,1279,71,56
1407,1375,61,54
1433,1348,83,67
1434,1156,66,43
1464,1227,92,91
1104,1261,76,69
1107,1392,82,70
1110,1248,60,59
1112,1113,99,61
1119,1221,72,68
1120,1116,90,86
1131,1159,71,68
1137,1259,87,52
1155,1130,65,54
1181,1314,74,73
1191,1179,80,74
1200,1269,76,66
1201,1461,79,75
1203,1182,81,74
1210,1199,86,80
1216,1420,88,65
1222,1408,82,69
1229,1232,78,50
1231,1304,80,64
1237,1303,88,76
1247,1382,71,64
1250,1298,77,74
1257,1393,72,58
1260,1320,59,56
1272,1416,73,56
1274,1439,65,49
1295,1442,63,54
1305,1363,61,55
1306,1262,80,69
1307,1129,80,78
1336,1234,79,75
1356,1133,71,59
1371,1207,72,64
1385,1177,80,65
1386,1173,79,70
1387,1206,79,77
1389,1264,70,69
1403,1328,65,63
1414,1168,96,77
1425,1160,79,72
1429,1161,72,59
1436,1127,78,64
1437,1396,83,67
1462,1344,85,74
1114,1209,57,49
1125,1184,86,78
1140,1360,69,67
1142,1413,58,53
1143,1449,78,75
1148,1291,76,72
1151,1440,85,59
1163,1374,68,62
1164,1300,71,60
1174,1158,62,59
1186,1170,93,88
1188,1369,72,69
1189,1180,81,76
1190,1154,67,51
1193,1145,74,71
1195,1252,82,67
1204,1117,90,59
1205,1149,84,76
1211,1334,90,68
1213,1282,78,66
1218,1169,69,63
1219,1255,88,80
1220,1406,84,82
1223,1101,73,71
1225,1340,80,74
1236,1355,91,79
1239,1367,81,76
1244,1391,92,82
1246,1397,80,70
1256,1427,87,74
1267,1150,87,72
1277,1458,69,57
1278,1268,68,63
1287,1398,66,61
1308,1167,63,55
1310,1265,76,72
1316,1312,107,71
1317,1198,77,75
1318,1241,95,94
1319,1226,81,68
1330,1443,59,56
1346,1389,56,55
1347,1251,69,67
1349,1194,90,85
1352,1254,74,67
1357,1136,74,57
1362,1337,82,72
1364,1415,65,55
1365,1258,76,72
1375,1111,75,71
1383,1384,70,58
1388,1339,74,72
1390,1450,72,56
1404,1183,87,84
1409,1153,70,68
1410,1370,67,57
1419,1402,76,57
1421,1342,70,61
1422,1359,82,77
1426,1418,84,83
1428,1417,75,73
1430,1152,74,72
1431,1379,78,73
1441,1273,72,65
1447,1192,94,74
1451,1381,87,83
1455,1283,99,68
1456,1423,87,69
1457,1157,79,67
1162,1217,90,76
1171,1165,78,66
1178,1227,83,72
1233,1284,83,67
1331,1176,62,58
1335,1135,79,74
1343,1463,75,63
1373,1351,84,64
1433,1350,87,74
1434,1324,86,84
1102,1307,76,72
1106,1380,77,68
1108,1105,62,58
1111,1407,78,74
1114,1204,75,61
1116,1281,84,72
1119,1298,80,78
1123,1296,63,59
1124,1400,78,64
1125,1399,95,86
1126,1197,55,54
1127,1262,81,77
1133,1179,73,70
1138,1132,88,74
1140,1360,91,33
1144,1149,74,72
1145,1265,81,66
1153,1163,65,60
1162,1171,73,54
1167,1410,70,57
1169,1142,75,71
1170,1225,68,65
1172,1386,99,93
1175,1313,67,64
1180,1456,74,69
1183,1369,71,68
1185,1405,91,85
1190,1273,77,74
1191,1356,83,71
1193,1310,71,59
1195,1244,68,63
1201,1429,75,68
1205,1255,81,71
1209,1117,69,61
1210,1323,63,62
1213,1152,67,52
1217,1165,76,74
1218,1414,75,71
1219,1347,75,72
1226,1381,89,71
1231,1345,77,73
1235,1395,92,83
1236,1303,94,90
1238,1212,61,58
1241,1174,75,50
1242,1243,72,63
1245,1103,85,76
1249,1270,87,76
1252,1391,77,74
1253,1168,70,57
1254,1384,94,89
1257,1181,71,64
1258,1362,100,87
1266,1177,73,60
1267,1330,82,65
1279,1120,69,59
1280,1104,67,61
1285,1286,87,78
1291,1136,71,53
1293,1122,76,60
1295,1237,63,59
1300,1288,73,59
1301,1155,77,74
1306,1216,74,63
1308,1370,70,57
1309,1322,102,99
1312,1239,73,58
1314,1274,96,71
1315,1294,74,73
1316,1367,81,78
1317,1194,70,62
1320,1229,75,66
1325,1275,76,64
1326,1304,65,62
1328,1452,76,62
1332,1333,91,81
1336,1353,70,58
1337,1365,88,76
1338,1393,66,52
1339,1334,80,67
1340,1186,107,91
1341,1115,57,55
1342,1251,79,73
1343,1135,77,66
1348,1182,77,74
1349,1198,86,70
1354,1271,62,58
1355,1442,87,67
1357,1192,91,86
1358,1146,105,75
1359,1440,73,67
1364,1413,62,55
1366,1224,66,56
1372,1311,88,53
1376,1196,73,69
1378,1272,80,71
1382,1173,79,72
1383,1352,82,72
1387,1200,76,68
1388,1211,63,58
1394,1230,90,69
1397,1261,81,65
1398,1240,61,46
1401,1246,79,77
1402,1418,61,57
1403,1329,71,61
1404,1188,68,51
1406,1189,67,56
1411,1290,98,67
1417,1160,77,53
1419,1426,64,61
1422,1151,79,64
1423,1158,59,55
1424,1305,102,91
1427,1379,74,53
1430,1282,79,70
1431,1256,91,80
1435,1208,80,67
1436,1420,99,54
1437,1139,77,67
1439,1199,83,73
1441,1154,102,97
1443,1150,59,54
1444,1141,92,85
1447,1148,83,57
1449,1390,64,53
1451,1319,77,74
1453,1464,107,90
1454,1156,88,54
1457,1421,81,80
1459,1202,77,73
1460,1297,67,64
1461,1161,84,66
1462,1207,88,70
1463,1335,79,58
1101,1368,91,80
1110,1221,71,70
1137,1131,80,59
1143,1450,80,62
1159,1259,93,90
1176,1377,76,71
1203,1247,90,50
1220,1318,65,60
1250,1248,73,61
1260,1283,75,62
1264,1346,63,59
1268,1276,86,82
1269,1206,70,64
1284,1389,82,75
1324,1227,74,63
1361,1363,78,56
1371,1385,62,61
1374,1187,74,63
1392,1263,75,56
1396,1222,69,66
1409,1416,75,67
1412,1292,77,67
1428,1425,80,69
1434,1178,90,74
1448,1130,74,48
1455,1232,84,51
1458,1228,69,60
1105,1380,78,66
1106,1108,73,59
1126,1391,96,94
1146,1270,88,82
1197,1271,81,80
1214,1175,82,72
1230,1223,97,91
1233,1373,87,81
1274,1438,64,61
1288,1299,72,51
1313,1164,85,77
1322,1311,81,67
1341,1290,63,61
1354,1224,71,63
1372,1249,79,58
1400,1243,71,70
1411,1115,54,52
1452,1235,97,87
1453,1156,78,61
1454,1464,87,51
1116,1261,85,65
1129,1424,81,69
1132,1325,87,82
1138,1245,87,70
1141,1296,76,64
1161,1307,86,69
1172,1348,65,54
1173,1387,52,49
1185,1444,73,62
1191,1133,67,55
1204,1209,54,52
1210,1155,75,73
1242,1124,66,60
1246,1104,78,53
1265,1351,71,58
1275,1103,77,64
1277,1326,81,62
1278,1353,83,61
1279,1281,85,76
1368,1309,93,81
1389,1264,61,40
1394,1101,65,59
1403,1395,83,79
1405,1123,77,67
1409,1396,74,55
1435,1196,87,74
1439,1130,71,56
1107,1262,86,61
1110,1298,72,65
1119,1131,80,71
1120,1208,84,81
1137,1248,86,83
1160,1112,75,72
1187,1408,79,73
1193,1373,76,69
1200,1247,56,53
1201,1102,64,63
1203,1350,73,61
1206,1433,76,69
1216,1263,82,74
1222,1416,88,61
1224,1197,63,53
1229,1356,73,50
1250,1159,71,54
1257,1338,67,60
1259,1221,78,63
1266,1166,66,61
1276,1321,72,63
1283,1179,61,52
1288,1313,89,72
1305,1429,73,68
1314,1301,80,68
1320,1232,66,44
1323,1448,69,58
1328,1329,71,49
1332,1450,76,62
1333,1449,82,81
1361,1461,73,61
1376,1397,84,58
1382,1182,80,76
1386,1269,74,57
1401,1280,68,66
1414,1253,90,67
1420,1127,80,79
1436,1306,73,67
1455,1260,76,54
1458,1234,67,59
1462,1437,90,83
1114,1426,72,60
1122,1188,80,75
1140,1339,99,81
1143,1417,75,63
1145,1310,65,60
1150,1427,114,108
1156,1297,63,58
1157,1149,68,60
1163,1378,81,51
1168,1142,78,77
1177,1385,83,75
1180,1174,74,64
1181,1199,80,65
1183,1293,85,74
1184,1240,76,54
1190,1202,80,75
1192,1291,67,54
1204,1111,88,63
1211,1360,82,60
1219,1457,87,85
1220,1423,70,69
1231,1228,74,47
1236,1442,87,75
1244,1252,73,57
1254,1148,80,74
1256,1317,73,62
1285,1226,90,77
1287,1399,69,59
1294,1170,72,67
1303,1331,102,98
1315,1340,80,77
1316,1239,81,80
1318,1158,58,57
1330,1431,74,53
1334,1362,79,70
1336,1304,56,55
1342,1255,74,73
1347,1144,60,56
1349,1379,76,74
1352,1357,73,63
1355,1295,71,59
1364,1169,78,63
1367,1312,72,71
1371,1344,70,52
1374,1272,69,62
1377,1237,85,82
1383,1136,79,72
1388,1365,75,50
1390,1425,84,64
1391,1195,80,73
1402,1117,71,60
1404,1398,72,56
1406,1241,69,67
1412,1267,95,91
1415,1218,77,71
1418,1407,73,63
1419,1375,66,59
1421,1251,73,56
1422,1154,92,63
1428,1113,81,46
1440,1273,91,82
1441,1459,53,48
1443,1292,78,72
1447,1384,69,54
1451,1286,68,60
1456,1189,75,65
1460,1464,87,81
1135,1171,84,83
1233,1264,86,73
1265,1346,91,77
1284,1351,79,58
1324,1178,108,97
1335,1165,79,67
1343,1162,88,83
1434,1454,80,76
1453,1227,85,69
1463,1217,59,50
1101,1309,87,84
1103,1132,89,54
1104,1120,65,57
1106,1341,73,68
1107,1216,75,59
1108,1380,70,56
1110,1259,67,66
1114,1402,73,68
1115,1212,53,51
1116,1397,75,65
1122,1369,83,75
1123,1185,115,79
1124,1395,86,71
1126,1300,69,61
1127,1263,78,66
1129,1361,66,63
1131,1221,83,68
1136,1254,88,83
1137,1298,77,73
1139,1207,90,87
1141,1405,76,74
1150,1431,88,78
1151,1359,77,66
1153,1187,65,56
1157,1421,81,79
1162,1335,93,65
1167,1213,77,62
1176,1295,70,59
1179,1260,69,59
1189,1174,77,59
1190,1459,71,66
1192,1148,81,75
1198,1194,71,63
1199,1323,77,56
1200,1172,91,82
1201,1307,92,82
1208,1279,80,66
1209,1111,83,70
1210,1130,76,71
1211,1140,71,68
1214,1224,68,67
1217,1135,61,52
1218,1169,89,78
1219,1342,80,60
1220,1158,72,63
1225,1186,66,62
1226,1286,76,69
1230,1249,89,70
1232,1133,77,58
1235,1243,80,61
1237,1236,80,77
1238,1290,60,49
1241,1456,71,65
1242,1403,67,58
1247,1206,76,68
1248,1159,79,77
1250,1119,82,72
1251,1205,86,81
1253,1415,66,55
1255,1347,92,81
1256,1349,88,69
1258,1337,90,83
1261,1196,96,91
1270,1311,71,69
1271,1175,74,65
1274,1257,73,65
1275,1245,74,65
1280,1376,68,58
1287,1240,82,71
1288,1164,74,72
1292,1267,83,74
1293,1404,79,55
1296,1444,76,67
1299,1197,77,70
1306,1420,78,69
1308,1282,62,61
1315,1170,97,71
1318,1180,61,59
1320,1191,54,52
1321,1353,98,59
1325,1138,103,96
1326,1234,68,64
1330,1427,78,56
1340,1294,89,86
1343,1165,74,60
1344,1177,87,66
1345,1268,83,79
1348,1173,75,66
1350,1182,83,67
1355,1331,73,65
1356,1283,78,68
1357,1384,88,78
1360,1339,85,76
1364,1168,80,62
1365,1334,69,65
1366,1354,76,64
1368,1146,75,56
1370,1430,72,69
1372,1223,82,54
1375,1418,83,70
1379,1317,81,70
1381,1319,69,59
1382,1269,85,83
1383,1291,55,49
1388,1362,84,72
1389,1193,72,68
1390,1417,79,70
1393,1301,75,66
1394,1358,75,70
1396,1416,63,61
1398,1125,87,72
1399,1184,92,82
1400,1328,76,63
1401,1281,84,69
1410,1152,89,79
1411,1105,77,54
1412,1443,71,67
1414,1413,62,61
1419,1407,66,51
1423,1406,74,68
1424,1461,79,74
1426,1117,79,75
1428,1112,70,64
1429,1363,88,70
1433,1203,69,65
1435,1246,74,62
1436,1392,76,62
1437,1266,89,79
1438,1314,79,74
1440,1154,111,95
1441,1202,73,62
1442,1377,90,76
1447,1352,62,54
1451,1285,60,54
1452,1329,70,56
1455,1229,74,58
1457,1144,87,71
1460,1156,55,51
1463,1171,76,71
1464,1297,94,75
1143,1425,87,65
1160,1113,79,69
1166,1385,100,59
1222,1163,75,68
1228,1278,84,71
1233,1145,86,78
1272,1409,92,82
1277,1336,88,57
1284,1310,77,68
1305,1161,87,80
1332,1449,86,73
1333,1450,69,49
1338,1181,76,62
1351,1264,60,57
1371,1462,90,81
1373,1346,80,65
1374,1408,74,53
1386,1387,77,63
1422,1273,69,65
1434,1453,70,68
1439,1448,81,74
1454,1227,98,85
1458,1276,68,57
1126,1299,62,52
1151,1440,67,65
1214,1175,79,65
1235,1329,58,50
1238,1115,67,56
1242,1400,86,56
1270,1249,77,74
1290,1212,58,57
1300,1366,61,44
1311,1309,80,76
1313,1224,84,66
1314,1393,75,70
1341,1105,85,65
1358,1146,83,73
1368,1322,84,82
1372,1230,84,58
1411,1106,96,86
1103,1325,91,76
1114,1117,89,80
1141,1123,65,57
1173,1350,85,84
1181,1448,79,71
1185,1296,75,71
1195,1244,74,64
1203,1206,74,52
1221,1259,72,67
1231,1234,81,78
1245,1132,70,54
1246,1196,88,79
1252,1239,92,89
1257,1210,56,53
1261,1281,80,71
1266,1207,88,87
1275,1138,67,59
1298,1248,78,70
1316,1367,92,69
1328,1124,73,71
1345,1304,81,62
1361,1307,83,56
1388,1213,73,64
1391,1312,82,67
1401,1120,81,63
1426,1402,75,69
1435,1397,86,69
1437,1177,83,62
1438,1155,64,57
1444,1405,70,64
1116,1104,62,61
1122,1399,92,72
1129,1305,76,57
1139,1371,85,78
1187,1378,52,39
1192,1384,74,72
1200,1182,78,69
1201,1161,87,73
1216,1107,68,59
1243,1395,79,54
1247,1387,76,68
1253,1168,75,73
1254,1357,84,76
1274,1323,68,50
1277,1353,97,66
1279,1280,86,78
1291,1383,60,51
1293,1183,78,62
1301,1130,73,72
1306,1127,56,51
1332,1417,76,68
1344,1166,70,66
1382,1386,98,90
1392,1420,86,76
1416,1408,73,65
1425,1333,81,70
1429,1102,78,65
1433,1172,70,60
1436,1263,99,82
1439,1338,65,61
1447,1352,59,50
1449,1450,99,91
1452,1403,90,68
1458,1278,62,49
1461,1363,81,78
1106,1238,71,54
1108,1341,81,64
1110,1131,69,64
1111,1114,69,63
1112,1143,64,61
1113,1390,74,64
1119,1159,79,72
1122,1398,74,72
1145,1310,102,97
1150,1349,88,75
1164,1175,72,62
1170,1381,69,63
1195,1316,89,56
1205,1144,79,69
1208,1376,74,72
1209,1418,72,69
1212,1105,65,58
1218,1413,67,65
1221,1137,77,72
1222,1153,69,56
1225,1451,62,58
1226,1186,75,71
1230,1101,74,70
1250,1298,65,63
1255,1149,75,69
1256,1267,97,94
1260,1133,74,66
1264,1265,81,63
1268,1228,81,55
1271,1288,80,71
1283,1179,69,67
1285,1315,71,46
1286,1294,81,63
1287,1293,75,66
1292,1194,76,59
1299,1300,93,87
1311,1146,68,64
1313,1214,83,63
1321,1336,71,61
1330,1317,76,70
1340,1319,89,81
1342,1347,65,64
1348,1269,68,50
1351,1346,60,57
1354,1126,85,72
1358,1249,94,76
1364,1415,81,55
1366,1197,52,40
1368,1309,61,60
1372,1322,95,55
1374,1163,80,54
1380,1411,84,79
1391,1252,96,75
1394,1223,81,71
1396,1272,72,62
1402,1407,78,57
1412,1198,77,60
1414,1142,72,62
1419,1204,83,76
1426,1375,92,79
1443,1379,75,60
1103,1245,74,60
1122,1125,97,96
1138,1132,87,83
1158,1174,67,63
1162,1135,66,63
1171,1335,72,64
1180,1189,57,56
1185,1405,79,75
1191,1283,66,56
1205,1157,69,65
1217,1343,73,71
1219,1255,89,78
1232,1229,65,57
1233,1145,73,55
1258,1360,64,61
1273,1154,71,69
1284,1351,59,48
1296,1123,80,69
1320,1356,66,60
1325,1275,67,65
1359,1440,92,85
1400,1329,62,50
1404,1287,83,70
1421,1251,80,49
1444,1141,91,82
1455,1260,66,58
1457,1342,67,53
1463,1165,88,64
1105,1238,54,51
1106,1212,59,58
1111,1117,80,73
1112,1390,94,62
1115,1290,78,71
1122,1404,83,73
1139,1266,95,74
1140,1365,72,60
1143,1113,68,65
1151,1359,59,54
1155,1130,66,50
1161,1102,87,73
1165,1135,75,71
1167,1370,93,71
1170,1319,64,51
1172,1203,87,80
1173,1433,68,67
1178,1464,92,79
1182,1386,78,70
1190,1273,81,65
1191,1232,68,42
1192,1291,80,75
1193,1389,64,55
1196,1281,82,72
1199,1393,78,73
1200,1348,64,61
1201,1429,86,85
1202,1422,80,64
1206,1350,83,73
1208,1104,70,63
1210,1338,63,59
1211,1339,92,67
1213,1430,86,79
1217,1335,74,56
1220,1180,80,67
1225,1226,80,70
1230,1223,97,86
1231,1268,80,62
1234,1276,71,61
1236,1377,86,70
1242,1235,85,78
1246,1261,94,77
1253,1218,74,72
1267,1379,108,106
1269,1247,69,52
1270,1146,85,77
1277,1326,91,76
1279,1397,83,60
1280,1120,79,66
1282,1152,82,53
1286,1315,89,82
1292,1198,61,58
1294,1285,78,72
1307,1305,71,66
1308,1410,83,44
1309,1322,97,86
1311,1368,64,45
1314,1181,76,72
1317,1150,80,77
1318,1406,71,60
1320,1455,57,52
1323,1301,89,75
1328,1395,75,67
1330,1349,74,67
1332,1425,76,66
1333,1417,86,82
1337,1362,90,86
1340,1381,88,86
1341,1380,79,71
1343,1171,84,65
1344,1385,90,76
1353,1278,75,52
1355,1331,73,70
1361,1424,92,56
1363,1129,68,63
1364,1142,69,50
1371,1177,80,66
1372,1358,85,64
1373,1264,89,76
1376,1116,76,61
1382,1387,76,67
1388,1258,60,48
1394,1101,74,69
1401,1435,76,67
1402,1375,68,57
1403,1243,80,71
1409,1378,84,74
1411,1108,76,66
1412,1194,73,70
1413,1169,87,83
1414,1415,76,66
1418,1204,87,78
1419,1209,91,78
1421,1219,80,69
1423,1158,66,64
1426,1407,90,55
1428,1160,57,55
1431,1427,81,74
1437,1207,84,71
1438,1257,68,46
1439,1274,77,62
1441,1459,88,83
1443,1256,96,90
1447,1254,81,65
1451,1186,79,77
1452,1124,69,58
1453,1156,65,53
1454,1297,86,69
1456,1241,79,64
1457,1205,82,69
1460,1227,74,43
1462,1166,98,93
1463,1162,71,55
1151,1441,73,69
1153,1374,61,54
1163,1416,67,46
1176,1303,78,70
1190,1202,84,76
1195,1391,80,78
1220,1456,70,67
1221,1119,60,38
1233,1373,81,70
1250,1110,78,62
1272,1187,83,53
1284,1193,76,63
1295,1237,60,45
1320,1191,56,54
1321,1304,65,54
1336,1228,86,79
1345,1458,91,80
1396,1408,64,56
1421,1457,77,68
1423,1318,73,70
1453,1454,70,61
1460,1178,82,72
1132,1245,70,69
1151,1190,73,67
1164,1299,98,91
1185,1405,69,60
1211,1140,88,84
1233,1284,79,76
1275,1123,49,47
1295,1236,69,68
1296,1444,56,50
1355,1176,54,53
1366,1175,63,58
1388,1337,81,66
1392,1216,80,64
1423,1220,80,73
1436,1306,63,56
1453,1434,99,92
1460,1324,59,55
1105,1115,61,53
1170,1286,79,75
1186,1319,74,52
1192,1447,87,79
1194,1427,82,58
1199,1130,88,66
1211,1388,85,75
1288,1271,65,58
1290,1212,87,73
1300,1224,68,66
1301,1448,75,72
1315,1381,85,80
1340,1294,74,67
1343,1335,72,71
1355,1295,67,59
1453,1460,78,69
1150,1349,79,69
1160,1450,80,56
1161,1363,80,61
1181,1301,92,89
1207,1177,70,53
1210,1155,88,85
1214,1288,83,81
1221,1250,59,56
1228,1278,85,52
1243,1329,75,71
1247,1182,88,73
1266,1385,101,93
1290,1108,64,61
1304,1353,89,72
1311,1270,94,90
1313,1300,66,47
1330,1194,72,46
1333,1113,75,66
1338,1393,72,71
1368,1309,84,74
1387,1206,83,78
1395,1403,67,62
1397,1120,97,59
1411,1105,77,69
1424,1102,108,102
1425,1417,95,71
1429,1461,88,70
1431,1198,85,77
1439,1199,96,85
1443,1317,84,76
1449,1390,91,68
1103,1185,65,63
1104,1279,81,73
1112,1160,82,78
1124,1400,75,61
1132,1141,62,59
1138,1275,94,81
1143,1333,76,68
1161,1129,88,81
1167,1152,79,57
1172,1247,78,63
1196,1116,68,61
1201,1424,95,82
1203,1387,73,65
1208,1280,79,69
1218,1168,75,44
1223,1368,73,68
1225,1186,77,73
1228,1234,68,66
1238,1341,69,51
1242,1243,85,63
1253,1415,82,74
1267,1431,87,85
1269,1348,67,62
1274,1439,88,82
1276,1321,72,70
1282,1430,80,78
1285,1170,70,53
1292,1150,79,61
1304,1458,70,58
1305,1307,64,62
1314,1338,88,71
1315,1226,83,49
1323,1181,84,79
1325,1296,79,62
1326,1336,79,75
1328,1235,79,76
1330,1256,68,52
1332,1449,83,77
1344,1139,74,60
1350,1200,70,55
1354,1164,90,80
1358,1311,60,59
1361,1429,71,65
1364,1413,87,61
1366,1126,57,50
1370,1410,75,52
1371,1166,81,73
1375,1204,67,61
1378,1187,71,66
1380,1106,83,63
1397,1435,67,65
1402,1209,63,61
1408,1416,65,63
1414,1142,84,64
1428,1425,80,72
1437,1207,81,67
1438,1210,72,52
1443,1412,88,77
1451,1340,78,74
1452,1395,86,66
1462,1266,90,72
1103,1132,80,66
1138,1325,88,74
1163,1153,104,97
1167,1370,72,47
1172,1382,90,86
1173,1350,69,54
1201,1161,64,56
1208,1376,65,64
1214,1366,89,55
1218,1364,88,76
1238,1290,74,68
1242,1124,70,66
1246,1104,85,59
1253,1414,77,72
1261,1397,84,75
1268,1304,97,86
1272,1409,89,67
1276,1231,72,69
1277,1326,81,54
1285,1225,81,72
1292,1267,99,90
1308,1282,78,64
1314,1323,78,47
1330,1443,89,77
1332,1112,95,89
1345,1228,89,58
1354,1313,67,65
1361,1305,67,55
1371,1462,87,83
1372,1223,104,68
1380,1411,81,73
1386,1203,86,80
1394,1358,79,76
1396,1378,79,62
1401,1196,72,66
1408,1222,72,69
1418,1375,90,68
1426,1402,72,63
1428,1143,82,78
1433,1269,85,70
1437,1344,76,68
1438,1274,73,68
1451,1315,83,78
1452,1328,69,67
1114,1418,72,65
1138,1103,64,61
1163,1396,77,62
1167,1308,57,54
1201,1361,68,63
1214,1354,81,69
1218,1253,64,60
1242,1452,81,71
1246,1208,93,80
1272,1408,74,54
1277,1268,64,61
1292,1330,55,53
1314,1438,61,57
1332,1428,88,57
1345,1276,76,59
1371,1437,69,67
1372,1394,82,60
1380,1238,54,53
1386,1173,82,79
1392,1436,80,74
1401,1261,71,38
1419,1426,82,71
1433,1172,76,54
1451,1285,62,59
1114,1419,70,50
1163,1272,72,58
1246,1401,82,77
1277,1345,66,62
1386,1433,87,74
